-0.16366337923511073,-0.004091584480877769,18
0.07112601303559216,0.001778150325889804,18
0.14225202529652953,0.00474173418300644,18
0.1921270262479297,0.008359476295066936,18
0.2420198031860652,0.012808912822652485,18
0.2919287425203746,0.01809029969244464,18
0.34185384657155077,0.024203906335730288,18
0.39179511766065467,0.031150002222483732,18
0.44175255810911485,0.03892885686137281,18
0.4917261702387282,0.04754073979976506,18
0.5417159563716596,0.05698592062373382,18
0.5917219188304421,0.06726466895806438,18
0.6417440599379772,0.07837725446626012,18
0.6917823820175348,0.09032394685054868,18
0.7418368873927533,0.10310501585188804,18
0.7919075783876398,0.11672073124997276,18
0.8419944573265702,0.13117136286324002,18
0.892097526534289,0.14645718054887583,18
0.9422167883359098,0.1625784542028212,18
0.9923522450569154,0.17953545375977814,18
1.0425038990231577,0.19732844919321613,18
1.0926717525608576,0.21595771051537793,18
1.1428558079966056,0.2354235077772859,18
1.1930560676573614,0.2557261110687482,18
1.2432725338704547,0.2768657905183649,18
1.2935052089635843,0.29884281629353404,18
1.3437540952648195,0.321657458600458,18
1.3940191951025986,0.34530998768414944,18
1.4443005108057307,0.36980067382843773,18
1.4945980447033944,0.3951297873559748,18
1.5449117991251389,0.4212975986282417,18
1.5952417764008833,0.4483043780455543,18
1.6455879788609173,0.4761503960470699,18
1.6959504088359012,0.5048359231107932,18
1.7463290686568658,0.5343612297535822,18
1.7967239606552126,0.5647265865311554,18
1.8471350871627137,0.5959322640380964,18
1.8975624505115125,0.6279785329078615,18
1.9480060530341234,0.6608656638127854,18
1.9984658970634317,0.6945939274640868,18
2.048941984932694,0.7291635946118755,19
2.099434318975539,0.7645749360451582,19
2.149942901525965,0.8008282225918446,19
2.2004677349183432,0.8379237251187535,19
2.251008821487417,0.8758617145316194,19
2.3015661635683,0.9146424617750984,19
2.352139763496479,0.9542662378327745,19
2.4027296236078124,0.9947333137271659,19
2.45333574623853,1.0360439605197307,19
2.5039581337252352,1.0781984493108738,19
2.5545967884049023,1.1211970512399527,19
2.6052517126148786,1.1650400374852838,19
2.6559229086928844,1.2097276792641487,19
2.706610378977012,1.2552602478327999,19
2.7573141258057263,1.3016380144864679,19
2.8080341515178655,1.3488612505593667,19
2.8587704584526406,1.3969302274247004,19
2.909523048949636,1.4458452164946693,19
2.960291925348809,1.495606489220476,19
3.0110770899904895,1.5462143170923315,19
3.0618785452153823,1.5976689716394619,19
3.1126962933645643,1.6499707244301145,19
3.1635303367794867,1.7031198470715636,19
3.2143806778019743,1.7571166112101173,19
3.265247318774226,1.8119612885311231,19
3.3161302620388144,1.867654150758975,19
3.3670295099386855,1.9241954696571186,19
3.417945064817161,1.9815855170280587,19
3.4688769290179353,2.0398245647133644,19
3.519825104885078,2.0989128845936755,19
3.570789594763033,2.158850748588709,19
3.6217704009966196,2.219638428657266,19
3.6727675259310306,2.2812761967972364,19
3.723780971911834,2.343764325045607,19
3.7748107412849734,2.4071030854784663,19
3.8258568363967664,2.4712927502110102,19
3.876919259593907,2.5363335913975518,19
3.927998013223463,2.6022258812315227,19
3.979093099632879,2.6689698919454825,19
4.030204521169975,2.7365658958111245,19
4.081332280182945,2.8050141651392817,19
4.1324763790203605,2.874314972279933,19
4.183636820031169,2.9444685896222094,19
4.2348136055646926,3.0154752895944,19
4.28600673797063,3.08733534466396,19
4.337216219599056,3.1600490273375144,19
4.388442052800422,3.233616610160866,19
4.4396842399255565,3.308038365719001,19
4.4909427833256625,3.3833145666360966,19
4.542217685352322,3.4594454855755243,19
4.593508948357493,3.536431395239859,19
4.644816574693508,3.6142725683708843,19
4.6961405667130816,3.6929692777495986,19
4.7474809267693,3.772521796196222,19
4.79883765721563,3.852930396570202,19
4.850210760405916,3.93419535177022,19
4.901600238694376,4.0163169347341965,19
4.953006094435612,4.0992954184393,19
5.004428329984597,4.183131075901952,19
5.0558669476966855,4.26782418017783,20
5.10732194992761,4.353375004361881,20
5.15879333903348,4.439783821588321,20
5.2102811173707835,4.527050905030645,20
5.261785287296386,4.615176527901632,20
5.3133058511675335,4.70416096345335,20
5.364842811341848,4.794004484977167,20
5.416396170177332,4.884707365803751,20
5.467965930032366,4.976269879303083,20
5.519552093265709,5.068692298884456,20
5.571154662236499,5.161974897996488,20
5.622773639304255,5.256117950127123,20
5.674409026828873,5.351121728803643,20
5.726060827170629,5.446986507592668,20
5.777729042690178,5.543712560100168,20
5.829413675748556,5.641300159971464,20
5.881114728707178,5.739749580891239,20
5.9328322039278385,5.839061096583542,20
5.984566103772711,5.939234980811794,20
6.0363164306043515,6.0402715073787965,20
6.088083186785695,6.142170950126736,20
6.1398663746800555,6.24493358293719,20
6.19166599665113,6.348559679731134,20
6.2434820550629935,6.45304951446895,20
6.295314552280104,6.558403361150427,20
6.347163490667298,6.664621493814775,20
6.399028872589795,6.771704186540626,20
6.450910700413194,6.879651713446042,20
6.502808976503475,6.9884643486885185,20
6.554723703227002,7.098142366464997,20
6.606654882950518,7.208686041011869,20
6.658602518041147,7.320095646604976,20
6.710566610866396,7.4323714575596265,20
6.762547163794153,7.545513748230594,20
6.814544179192689,7.659522793012126,20
6.866557659430656,7.774398866337953,20
6.918587606877089,7.890142242681292,20
6.970634023901403,8.00675319655485,20
7.022696912873399,8.12423200251084,20
7.0747762761632575,8.242578935140978,20
7.126872116141544,8.361794269076489,20
7.1789844351792045,8.481878278988123,20
7.231113235647569,8.602831239586152,20
7.28325851991835,8.724653425620382,20
7.335420290363645,8.847345111880154,20
7.387598549355933,8.970906573194355,20
7.439793299268076,9.095338084431425,20
7.49200454247332,9.220639920499359,20
7.5442322813452956,9.346812356345714,20
7.596476518258016,9.47385566695762,20
7.648737255585879,9.601770127361783,20
7.701014495703667,9.730556012624493,20
7.753308240986545,9.860213597851626,20
7.805618493810063,9.990743158188657,20
7.857945256550155,10.122144968820662,20
7.910288531583141,10.254419304972322,20
7.962648321285723,10.387566441907937,20
8.015024628034991,10.521586654931431,20
8.067417454208417,10.656480219386351,20
8.11982680218386,10.792247410655877,20
8.172252674339564,10.928888504162833,21
8.224695073054157,11.066403775369691,21
8.277154000706654,11.204793499778575,21
8.329629459676454,11.344057952931262,21
8.382121452343345,11.484197410409207,21
8.434629981087495,11.625212147833533,21
8.487155048289463,11.76710244086504,21
8.539696656330191,11.909868565204217,21
8.592254807591011,12.053510796591242,21
8.644829504453638,12.198029410805992,21
8.697420749300173,12.343424683668049,21
8.750028544513105,12.48969689103671,21
8.802652892475312,12.636846308810982,21
8.855293795570054,12.784873212929606,21
8.907951256180981,12.933777879371046,21
8.96062527669213,13.083560584153508,21
9.013315859487927,13.23422160333494,21
9.06602300695318,13.385761213013037,21
9.11874672147309,13.538179689325256,21
9.171487005433244,13.691477308448812,21
9.224243861219614,13.845654346600693,21
9.277017291218563,14.000711080037659,21
9.329807297816842,14.156647785056258,21
9.38261388340159,14.313464737992824,21
9.435437050360331,14.471162215223487,21
9.488276801080984,14.629740493164174,21
9.54113313795185,14.789199848270629,21
9.594006063361622,14.949540557038404,21
9.646895579699382,15.110762896002875,21
9.6998016893546,15.272867141739244,21
9.752724394717136,15.435853570862552,21
9.805663698177238,15.599722460027674,21
9.858619602125543,15.764474085929335,21
9.911592108953082,15.930108725302116,21
9.964581221051269,16.096626654920453,21
10.017586940811913,16.264028151598655,21
10.07060927062721,16.432313492190904,21
10.123648212889748,16.601482953591255,21
10.176703769992503,16.77153681273365,21
10.229775944328845,16.942475346591937,21
10.28286473829253,17.114298832179845,21
10.335970154277707,17.287007546551017,21
10.389092194678916,17.46060176679901,21
10.442230861891089,17.635081770057297,21
10.495386158309545,17.810447833499275,21
10.548558086329999,17.986700234338276,21
10.601746648348554,18.16383924982757,21
10.654951846761705,18.341865157260376,21
10.708173683966338,18.520778233969853,21
10.761412162359735,18.700578757329126,21
10.814667284339562,18.881267004751283,21
10.867939052303884,19.062843253689383,21
10.921227468651155,19.245307781636463,21
10.974532535780224,19.42866086612554,21
11.027854256090329,19.61290278472963,21
11.081192631981102,19.79803381506174,21
11.134547665852567,19.984054234774877,21
11.187919360105143,20.170964321562067,21
11.24130771713964,20.35876435315635,21
11.294712739357259,20.54745460733078,21
11.3481344291596,20.737035361898464,22
11.401572788948652,20.92750689471252,22
11.4550278211268,21.118869483666113,22
11.50849952809682,21.311123406692477,22
11.561987912261884,21.504268941764884,22
11.615492976025557,21.698306366896677,22
11.669014721791799,21.89323596014126,22
11.722553151964963,22.089057999592118,22
11.776108268949798,22.285772763382823,22
11.829680075151446,22.48338052968703,22
11.883268572975444,22.681881576718485,22
11.936873764827725,22.88127618273105,22
11.990495653114616,23.081564626018682,22
12.044134240242839,23.282747184915465,22
12.09778952861951,23.484824137795595,22
12.151461520652143,23.687795763073403,22
12.205150218748647,23.891662339203354,22
12.258855625317327,24.09642414468005,22
12.312577742766882,24.30208145803824,22
12.366316573506408,24.508634557852844,22
12.420072119945397,24.716083722738926,22
12.473844384493736,24.924429231351724,22
12.527633369561713,25.133671362386654,22
12.581439077560006,25.343810394579307,22
12.635261510899696,25.554846606705468,22
12.689100671992255,25.76678027758111,22
12.742956563249557,25.979611686062412,22
12.79682918708387,26.193341111045765,22
12.850718545907863,26.407968831467763,22
12.904624642134596,26.62349512630523,22
12.958547478177534,26.839920274575213,22
13.012487056450533,27.057244555334997,22
13.066443379367852,27.275468247682106,22
13.120416449344146,27.49459163075431,22
13.174406268794469,27.71461498372964,22
13.228412840134272,27.935538585826375,22
13.282436165779405,28.157362716303076,22
13.336476248146116,28.380087654458567,22
13.390533089651054,28.60371367963196,22
13.444606692711266,28.82824107120265,22
13.498697059744197,29.053670108590328,22
13.552804193167692,29.280001071254983,22
13.606928095399994,29.507234238696917,22
13.661068768859748,29.735369890456745,22
13.715226215965997,29.9644083061154,22
13.769400439138185,30.194349765294135,22
13.823591440796156,30.425194547654556,22
13.877799223360151,30.65694293289859,22
13.932023789250817,30.88959520076853,22
13.986265140889195,31.123151631047,22
14.040523280696732,31.35761250355701,22
14.094798211095272,31.59297809816192,22
14.149089934507064,31.82924869476547,22
14.203398453354753,32.06642457331178,22
14.25772377006139,32.30450601378536,22
14.312065887050421,32.5434932962111,22
14.366424806745702,32.783386700654326,22
14.420800531571485,33.02418650722073,22
14.475193063952425,33.26589299605645,22
14.529602406313579,33.50850644734802,22
14.584028561080407,33.752027141322415,22
14.63847153067877,33.99645535824705,23
14.692931317534931,34.24179137842977,23
14.747407924075558,34.48803548221886,23
14.801901352727722,34.735187950003095,23
14.856411605918892,34.98324906221167,23
14.910938686076944,35.23221909931427,23
14.965482595630158,35.48209834182105,23
15.020043337007216,35.73288707028265,23
15.074620912637203,35.98458556529018,23
15.129215324949607,36.237194107475275,23
15.183826576374322,36.49071297751005,23
15.238454669341646,36.74514245610714,23
15.29309960628228,37.000482824019684,23
15.347761389627326,37.25673436204135,23
15.4024400218083,37.51389735100633,23
15.457135505257112,37.77197207178936,23
15.511847842406084,38.030958805305694,23
15.566577035687938,38.29085783251117,23
15.621323087535806,38.551669434402164,23
15.676086000383224,38.81339389201562,23
15.730865776664128,39.07603148642903,23
15.785662418812867,39.339582498760485,23
15.840475929264192,39.60404721016865,23
15.895306310453261,39.869425901852786,23
15.950153564815636,40.13571885505274,23
16.005017694787288,40.402926351048954,23
16.059898702804595,40.67104867116251,23
16.114796591304337,40.94008609675508,23
16.169711362723707,41.21003890922897,23
16.2246430195003,41.48090739002711,23
16.279591564072113,41.752691820633075,23
16.334556998877567,42.02539248257108,23
16.389539326355475,42.29900965740599,23
16.44453854894506,42.573543626743316,23
16.499554669085963,42.84899467222925,23
16.55458768921822,43.12536307555066,23
16.60963761178228,43.402649118435065,23
16.664704439219,43.68085308265069,23
16.71978817396965,43.959975250006444,23
16.7748888184759,44.24001590235193,23
16.830006375179835,44.52097532157745,23
16.885140846523942,44.802853789614055,23
16.94029223495113,45.085651588433464,23
16.995460542904702,45.36936900004815,23
17.050645772828382,45.65400630651133,23
17.105847927166295,45.93956378991692,23
17.16106700836298,46.22604173239961,23
17.21630301886339,46.513440416134834,23
17.271555961112877,46.801760123338795,23
17.326825837557216,47.09100113626845,23
17.38211265064258,47.38116373722154,23
17.43741640281556,47.67224820853658,23
17.492737096523157,47.964254832592864,23
17.548074734212783,48.25718389181049,23
17.603429318332257,48.55103566865036,23
17.658800851329815,48.84581044561417,23
17.714189335654098,49.141508505244445,23
17.769594773754164,49.43813013012451,23
17.82501716807948,49.73567560287855,23
17.880456521079925,50.03414520617155,24
17.93591283520579,50.33353922270936,24
17.991386112907783,50.63385793523867,24
18.046876356637014,50.93510162654703,24
18.102383568845013,51.237270579462844,24
18.157907751983725,51.540365076855394,24
18.213448908505498,51.84438540163484,24
18.269007040863105,52.149331836752204,24
18.324582151509723,52.45520466519942,24
18.380174242898946,52.76200417000931,24
18.43578331748478,53.069730634255606,24
18.49140937772165,53.37838434105294,24
18.547052426064386,53.68796557355687,24
18.60271246496824,53.998474614963875,24
18.658389496888873,54.30991174851137,24
18.714083524282366,54.622277257477684,24
18.76979454960521,54.935571425182125,24
18.82552257531431,55.249794534984936,24
18.881267603866988,55.56494687028732,24
18.937029637720983,55.88102871453145,24
18.992808679334445,56.198040351200476,24
19.048604731165945,56.515982063818505,24
19.10441779567446,56.83485413595065,24
19.160247875319396,57.154656851203015,24
19.216094972560565,57.475390493222704,24
19.2719590898582,57.79705534569782,24
19.327840229672947,58.11965169235749,24
19.38373839446587,58.44317981697186,24
19.439653586698448,58.767640003352106,24
19.495585808832583,59.09303253535043,24
19.551535063330586,59.4193576968601,24
19.60750135265519,59.74661577181539,24
19.663484679269548,60.074807044191665,24
19.71948504563722,60.403931798005345,24
19.7755024542222,60.733990317313925,24
19.831536907488882,61.06498288621596,24
19.88758840790209,61.396909788851104,24
19.94365695792706,61.72977130940009,24
19.999742560029453,62.06356773208477,24
20.055845216675344,62.39829934116807,24
20.11196493033123,62.733966420954054,24
20.201073342742358,63.071393546769855,24
20.290201339609702,63.41030630240391,24
20.379351877866974,63.750705088187175,24
20.468524961054662,64.09259027989798,24
20.557720592713885,64.4359622533737,24
20.646938776386396,64.78082138451074,24
20.736179515614577,65.12716804926455,24
20.82544281394145,65.47500262364963,24
20.914728674910663,65.82432548373956,24
21.0040371020665,66.17513700566697,24
21.09336809895389,66.52743756562359,24
21.18272166911838,66.88122753986026,24
21.272097816106164,67.23650730468692,24
21.361496543464074,67.59327723647264,24
21.450917854739572,67.9515377116456,24
21.540361753480763,68.31128910669311,24
21.62982824323639,68.67253179816167,24
21.71931732755583,69.03526616265694,24
21.808829009989108,69.3994925768437,24
21.898363294086877,69.76521141744595,24
21.987920183400444,70.13242306124691,25
22.077499681481747,70.50112788508895,25
22.16710179188337,70.87132626587368,25
22.256726518158533,71.24301858056195,25
22.34637386386111,71.61620520617382,25
22.43604383254561,71.99088651978862,25
22.525736427767193,72.36706289854492,25
22.615451653081653,72.74473471964058,25
22.70518951204544,73.12390236033269,25
22.79495000821564,73.5045661979377,25
22.88473314514999,73.88672660983133,25
22.97453892640688,74.27038397344859,25
23.064367355545333,74.65553866628383,25
23.15421843612503,75.04219106589075,25
23.244092171706306,75.43034154988236,25
23.33398856585013,75.81999049593107,25
23.423907622118133,76.2111382817686,25
23.51384934407259,76.60378528518609,25
23.603813735276425,76.99793188403406,25
23.69380079929322,77.39357845622241,25
23.783810539687213,77.79072537972048,25
23.87384296002328,78.189373032557,25
23.96389806386696,78.58952179282015,25
24.053975854784444,78.99117203865754,25
24.14407633634258,79.39432414827623,25
24.234199512108866,79.79897849994275,25
24.32434538565146,80.20513547198313,25
24.41451396053917,80.61279544278284,25
24.504705240341472,81.0219587907869,25
24.594919228628488,81.43262589449976,25
24.685155928971003,81.84479713248547,25
24.77541534494046,82.25847288336756,25
24.86569748010896,82.67365352582912,25
24.956002338049267,83.09033943861279,25
25.046329922334802,83.50853100052075,25
25.136680236539654,83.92822859041478,25
25.22705328423856,84.34943258721624,25
25.317449069006933,84.77214336990609,25
25.40786759442084,85.19636131752488,25
25.498308864057016,85.62208680917279,25
25.588772881492858,86.04932022400963,25
25.679259650306424,86.47806194125485,25
25.769769174076448,86.90831234018755,25
25.860301456382317,87.34007180014646,25
25.950856500804093,87.77334070053004,25
26.041434310922504,88.20811942079641,25
26.13203489031894,88.64440834046336,25
26.222658242575466,89.08220783910842,25
26.313304371274814,89.52151829636882,25
26.403973280000383,89.96234009194154,25
26.494664972336242,90.40467360558328,25
26.585379451867137,90.84851921711049,25
26.676116722178477,91.2938773063994,25
26.76687678685635,91.74074825338599,25
26.85765964948751,92.18913243806604,25
26.948465313659387,92.63903024049513,25
27.039293782960087,93.09044204078864,25
27.13014506097839,93.54336821912176,25
27.221019151303746,93.99780915572954,25
27.31191605752629,94.45376523090682,25
27.402835783236824,94.91123682500836,26
27.49377833202683,95.37022431844872,26
27.58474370748847,95.83072809170238,26
27.67573191321458,96.29274852530367,26
27.76674295279868,96.75628599984684,26
27.85777682983496,97.22134089598606,26
27.948833547918305,97.6879135944354,26
28.039913110644267,98.15600447596886,26
28.131015521609086,98.62561392142038,26
28.22214078440968,99.09674231168388,26
28.313288902643656,99.56939002771323,26
28.404459879909297,100.04355745052227,26
28.495653719805574,100.51924496118484,26
28.586870425932144,100.99645294083476,26
28.678110001889344,101.4751817706659,26
28.769372451278198,101.9554318319321,26
28.86065777770042,102.4372035059473,26
28.95196598475841,102.92049717408543,26
29.04329707605525,103.40531321778047,26
29.13465105519472,103.89165201852654,26
29.22602792578128,104.37951395787779,26
29.317427691420086,104.86889941744845,26
29.40885035571698,105.35980877891288,26
29.500295922278493,105.85224242400554,26
29.591764394711856,106.34620073452102,26
29.683255776624986,106.84168409231405,26
29.77477007162649,107.33869287929951,26
29.866307283325682,107.83722747745244,26
29.95786741533255,108.33728826880804,26
30.049450471257796,108.8388756354617,26
30.141056454712803,109.34198995956905,26
30.232685369309657,109.84663162334586,26
30.32433721866114,110.35280100906814,26
30.416012006380733,110.86049849907215,26
30.50770973608261,111.36972447575438,26
30.59943041138165,111.88047932157156,26
30.691174035893425,112.3927634190407,26
30.78294061323421,112.90657715073911,26
30.874730147020983,113.42192089930435,26
30.96654264087142,113.9387950474343,26
31.058378098403903,114.45719997788713,26
31.15023652323751,114.97713607348138,26
31.242117918992026,115.49860371709586,26
31.334022289287944,116.02160329166979,26
31.425949637746456,116.54613518020273,26
31.51789996798946,117.07219976575458,26
31.609873283639562,117.59979743144565,26
31.701869588320076,118.12892856045666,26
31.793888885655015,118.6595935360287,26
31.88593117926911,119.1917927414633,26
31.9779964727878,119.72552656012242,26
32.07008476983723,120.26079537542846,26
32.162196074044246,120.79759957086425,26
32.254330389036426,121.33593952997313,26
32.34648771844204,121.87581563635888,26
32.43866806589008,122.41722827368578,26
32.53087143501024,122.96017782567861,26
32.62309782943295,123.50466467612269,26
32.71534725278933,124.05068920886382,26
32.80761970871122,124.59825180780834,26
32.899915200831195,125.14735285692319,26
32.992233732782516,125.69799274023583,27
33.084575308199184,126.25017184183429,27
33.1769399307159,126.80389054586719,27
33.26932760396811,127.35914923654376,27
33.361738331591944,127.91594829813383,27
33.454172117224275,128.47428811496783,27
33.546628964502695,129.03416907143688,27
33.6391088770655,129.59559155199267,27
33.73161185855173,130.15855594114757,27
33.82413791260113,130.72306262347468,27
33.916687042854186,131.28911198360768,27
34.009259252952084,131.85670440624102,27
34.10185454653676,132.42584027612983,27
34.19447292725084,132.99651997808996,27
34.28711439873772,133.56874389699797,27
34.379778964641496,134.1425124177912,27
34.47246662860699,134.7178259254677,27
34.56517739427975,135.2946848050863,27
34.657911265306076,135.87308944176664,27
34.750668245332974,136.45304022068908,27
34.84344833800819,137.03453752709484,27
34.93625154698019,137.61758174628594,27
35.02907787589818,138.2021732636252,27
35.12192732841211,138.78831246453635,27
35.214799908172644,139.37599973450392,27
35.30769561883118,139.96523545907328,27
35.40061446403986,140.55602002385066,27
35.49355644745156,141.14835381450328,27
35.58652157271988,141.74223721675918,27
35.679509843499176,142.33767061640734,27
35.77252126344452,142.9346543992976,27
35.86555583621173,143.53318895134086,27
35.95861356545738,144.13327465850887,27
36.051694454838746,144.73491190683436,27
36.14479850801388,145.33810108241104,27
36.23792572864156,145.9428425713936,27
36.3310761203813,146.5491367599978,27
36.424249686893354,147.15698403450028,27
36.51744643183874,147.7663847812388,27
36.6106663588792,148.37733938661214,27
36.70390947167723,148.98984823708008,27
36.79717577389606,149.6039117191635,27
36.89046526919967,150.21953021944438,27
36.9837779612528,150.8367041245657,27
37.07711385372092,151.45543382123162,27
37.170472950270245,152.0757196962074,27
37.263855254567765,152.6975621363193,27
37.357260770281194,153.32096152845492,27
37.450689501079,153.9459182595629,27
37.544141450630406,154.572432716653,27
37.63761662260539,155.20050528679621,27
37.73111502067468,155.8301363571247,27
37.824636648509745,156.46132631483184,27
37.918181509782826,157.09407554717217,27
38.011749608166916,157.7283844414615,27
38.10534094733575,158.36425338507684,27
38.19895553096382,159.00168276545645,27
38.2925933627264,159.6406729700999,27
38.38625444629949,160.281224386568,27
38.479938785359856,160.92333740248282,27
38.573646383585036,161.56701240552778,28
38.66737724465332,162.21224978344756,28
38.76113137224376,162.8590499240482,28
38.85490877003616,163.5074132151971,28
38.948709441711095,164.15734004482292,28
39.0425333909499,164.80883080091576,28
39.136380621434675,165.46188587152704,28
39.23025113684828,166.11650564476963,28
39.32414494087435,166.77269050881776,28
39.41806203719727,167.43044085190706,28
39.5120024295022,168.08975706233466,28
39.60596612147508,168.750639528459,28
39.69995311680259,169.4130886387001,28
39.7939634191722,170.07710478153936,28
39.88799703227214,170.74268834551972,28
39.982053959791415,171.40983971924558,28
40.0761342054198,172.07855929138282,28
40.170237772847834,172.74884745065887,28
40.27557500500188,173.4209848443435,28
40.38093655918808,174.09487846661486,28
40.48632350814024,174.77052874965847,28
40.591735855982634,175.44793611682354,28
40.69717360684044,176.12710099152804,28
40.80263676483972,176.8080237972587,28
40.90812533410744,177.49070495757107,28
41.01363931877147,178.17514489608945,28
41.11917872296058,178.86134403650703,28
41.22474355080443,179.5493028025858,28
41.33033380643361,180.23902161815658,28
41.435949493979585,180.93050090711913,28
41.54159061757474,181.623741093442,28
41.647257181352366,182.31874260116268,28
41.75294918944666,183.01550585438758,28
41.85866664599273,183.714031277292,28
41.964409555126586,184.41431929412022,28
42.07017792098516,185.11637032918546,28
42.175971747706285,185.82018480686992,28
42.28179103942871,186.52576315162474,28
42.3876358002921,187.23310578797015,28
42.49350603443703,187.94221314049528,28
42.599401746005,188.65308563385844,28
42.70532293913841,189.36572369278687,28
42.8112696179806,190.0801277420769,28
42.91724178667582,190.79629820659397,28
43.02323944936922,191.51423551127257,28
43.12926261020691,192.23394008111634,28
43.23531127333588,192.955412341198,28
43.34138544290408,193.67865271665949,28
43.44748512306035,194.4036616327118,28
43.5536103179545,195.13043951463516,28
43.65976103173722,195.85898678777897,28
43.76593726856015,196.58930387756183,28
43.872139032575866,197.32139120947156,28
43.978366327937856,198.05524920906518,28
44.08461915880054,198.79087830196903,28
44.19089752931929,199.5282789138787,28
44.29720144365038,200.26745147055897,28
44.403530905951044,201.008396397844,28
44.50988592037944,201.75111412163724,28
44.61626649109466,202.49560506791144,29
44.72267262225675,203.24186966270872,29
44.829104318026666,203.9899083321406,29
44.93556158256632,204.73972150238785,29
45.04204442003857,205.49130959970074,29
45.1485528346072,206.24467305039892,29
45.25508683043695,206.99981228087145,29
45.3616464116935,207.7567277175768,29
45.46823158254346,208.51541978704296,29
45.57484234715441,209.27588891586728,29
45.68147870969486,210.03813553071672,29
45.78814067433427,210.80216005832762,29
45.89482824524307,211.5679629255059,29
46.0015414265926,212.33554455912704,29
46.108280222555194,213.104905386136,29
46.21504463730411,213.87604583354732,29
46.32183467501356,214.64896632844514,29
46.428650339858734,215.42366729798314,29
46.53549163601575,216.2001491693847,29
46.642358567661695,216.9784123699428,29
46.74925113897462,217.75845732701998,29
46.85616935413353,218.54028446804853,29
46.96311321731838,219.32389422053038,29
47.070082732710105,220.10928701203716,29
47.17707790449059,220.89646327021018,29
47.28409873684268,221.68542342276046,29
47.3911452339502,222.47616789746886,29
47.49821739999793,223.26869712218587,29
47.60531523917161,224.06301152483184,29
47.71243875565796,224.85911153339686,29
47.81958795364467,225.65699757594084,29
47.926762837320396,226.45667008059345,29
48.03396341087476,227.2581294755543,29
48.141189678498364,228.0613761890928,29
48.24844164438278,228.86641064954824,29
48.35571931272055,229.67323328532973,29
48.46302268770521,230.48184452491634,29
48.57035177353126,231.2922447968571,29
48.677706574394165,232.10443452977083,29
48.785087094490386,232.91841415234646,29
48.89249333801737,233.7341840933428,29
48.99992530917353,234.55174478158867,29
49.10738301215827,235.37109664598285,29
49.214866451171986,236.19224011549417,29
49.32237563041603,237.01517561916145,29
49.42991055409278,237.83990358609364,29
49.537471226405565,238.6664244454697,29
49.64505765155872,239.4947386265386,29
49.75266983375758,240.32484655861956,29
49.86030777720845,241.15674867110178,29
49.96797148611863,241.99044539344467,29
50.075660964696425,242.82593715517777,29
50.18337621715113,243.66322438590075,29
50.29111724769302,244.5023075152835,29
50.39888406053339,245.34318697306605,29
50.50667665988452,246.18586318905872,29
50.614495049959686,247.030336593142,29
50.72233923497318,247.8766076152667,29
50.830209219140265,248.72467668545377,29
50.93810500667724,249.57454423379454,29
51.046026601801394,250.4262106904506,29
51.15397400873101,251.27967648565388,30
51.26194723168539,252.13494204970658,30
51.36994627488484,252.9920078129813,30
51.47797114255067,253.85087420592106,30
51.586021838905204,254.71154165903909,30
51.69409836817177,255.57401060291917,30
51.802200734574726,256.43828146821545,30
51.91032894233942,257.30435468565247,30
52.01848299569222,258.1722306860253,30
52.126662898860516,259.04190990019936,30
52.23486865607271,259.91339275911065,30
52.34310027155823,260.7866796937657,30
52.451357749547505,261.66177113524134,30
52.559641094272,262.53866751468524,30
52.667950309964205,263.41736926331544,30
52.77628540085761,264.2978768124205,30
52.88464637118674,265.18019059335967,30
52.993033225187155,266.0643110375628,30
53.10144596709543,266.9502385765303,30
53.20988460114917,267.83797364183323,30
53.318349131587006,268.7275166651133,30
53.426839562648595,269.6188680780829,30
53.535355898574636,270.5120283125252,30
53.643898143606854,271.40699780029394,30
53.75246630198801,272.30377697331363,30
53.86106037796189,273.20236626357945,30
53.96968037577333,274.1027661031574,30
54.07832629966819,275.00497692418435,30
54.18699815389338,275.9089991588678,30
54.295695942696824,276.81483323948606,30
54.40441967032752,277.7224795983885,30
54.51316934103549,278.631938667995,30
54.621944959071804,279.5432108807965,30
54.73074652868856,280.4562966693548,30
54.83957405413893,281.37119646630254,30
54.948427539677105,282.2879107043433,30
55.05730698955834,283.2064398162516,30
55.16621240803894,284.1267842348729,30
55.275143799376245,285.04894439312363,30
55.38410116782867,285.9729207239912,30
55.49308451765565,286.898713660534,30
55.602093853117715,287.82632363588147,30
55.71112917847641,288.7557510832341,30
55.82019049799437,289.6869964358633,30
55.92927781593526,290.62006012711174,30
56.03839113656382,291.554942590393,30
56.14753046414584,292.49164425919196,30
56.25669580294819,293.4301655670644,30
56.365887157238774,294.37050694763747,30
56.47510453128659,295.3126688346093,30
56.58434792936168,296.25665166174934,30
56.69361735573516,297.20245586289803,30
56.80291281467921,298.15008187196725,30
56.912234310467085,299.09953012293994,30
57.021581847373106,300.0508010498704,30
57.13095542967267,301.00389508688414,30
57.24035506164223,301.9588126681779,30
57.34978074755933,302.9155542280199,30
57.45923249170259,303.8741202007495,30
57.568710298351704,304.8345110207774,30
57.678214171787424,305.7967271225858,31
57.78774411629161,306.7607689407282,31
57.89730013614719,307.72663690982944,31
58.00688223563816,308.69433146458584,31
58.11649041904962,309.66385303976506,31
58.226124690667746,310.63520207020633,31
58.3357850547798,311.60837899082026,31
58.44547151567412,312.583384236589,31
58.55518407764015,313.560218242566,31
58.66492274496841,314.53888144387656,31
58.774687521950504,315.51937427571727,31
58.884478412879155,316.5016971733563,31
58.99429542204815,317.48585057213353,31
59.10413855375238,318.4718349074603,31
59.21400781228784,319.4596506148195,31
59.32390320195161,320.4492981297659,31
59.43382472704187,321.44077788792566,31
59.543772391857914,322.43409032499676,31
59.65374620070011,323.42923587674875,31
59.76374615786995,324.42621497902303,31
59.87377226767003,325.4250280677325,31
59.98382453440402,326.425675578862,31
60.09390296237674,327.4281579484681,31
60.20400755589408,328.432475612679,31
60.31413831926306,329.4386290076948,31
60.424295256791794,330.4466185697874,31
60.53447837278952,331.4564447353006,31
60.644687671566594,332.4681079406498,31
60.75492315743446,333.4816086223226,31
60.86518483470571,334.49694721687825,31
60.97547270769402,335.51412416094803,31
61.085786780714194,336.53313989123507,31
61.196127058082176,337.5539948445145,31
61.306493544115,338.57668945763334,31
61.41688624313084,339.6012241675106,31
61.527305159448986,340.6275994111374,31
61.63775029738985,341.65581562557674,31
61.748221661274975,342.6858732479637,31
61.858719255427026,343.7177727155054,31
61.9692430841698,344.75151446548114,31
62.07979315182822,345.78709893524206,31
62.19036946272834,346.8245265622117,31
62.30097202119735,347.86379778388556,31
62.411600831563575,348.9049130378313,31
62.522255898156466,349.94787276168887,31
62.63293722530661,350.9926773931702,31
62.743644817345746,352.03932737005965,31
62.854378678606736,353.08782313021356,31
62.965138813423586,354.13816511156074,31
63.07592522613144,355.19035375210217,31
63.186737921066594,356.24438948991104,31
63.29757690256648,357.30027276313297,31
63.408442174969686,358.35800400998585,31
63.519333742615935,359.41758366875985,31
63.6302516098461,360.47901217781754,31
63.74119578100221,361.54228997559386,31
63.85216626042744,362.60741750059617,31
63.963163052466115,363.67439519140424,31
64.07418616146371,364.7432234866703,31
64.18523559176688,365.81390282511893,31
64.2963113477234,366.8864336455473,32
64.40741343368222,367.960816386825,32
64.51854185399345,369.0370514878942,32
64.62969661300838,370.1151393877695,32
64.7408777150794,371.19508052553806,32
64.85208516456015,372.27687534035977,32
64.96331896580536,373.3605242714669,32
65.07457912317095,374.44602775816446,32
65.18586564101402,375.53338623983007,32
65.29717852369282,376.6226001559139,32
65.40851777556679,377.713669945939,32
65.51988340099652,378.80659604950085,32
65.6312754043438,379.90137890626784,32
65.74269378997155,380.99801895598097,32
65.85413856224392,382.096516638454,32
65.96560972552618,383.19687239357347,32
66.07710728418482,384.2990866612987,32
66.1886312425875,385.40315988166185,32
66.30018160510306,386.50909249476786,32
66.41175837610152,387.61688494079453,32
66.52336155995407,388.7265376599925,32
66.6349911610331,389.83805109268536,32
66.74664718371218,390.95142567926956,32
66.8583296323661,392.0666618602145,32
66.97003851137077,393.18376007606236,32
67.08177382510337,394.3027207674285,32
67.1935355779422,395.4235443750012,32
67.30532377426681,396.5462313395417,32
67.41713841845791,397.6707821018843,32
67.52897951489743,398.79719710293625,32
67.64084706796848,399.925476783678,32
67.75274108205538,401.05562158516295,32
67.86466156154363,402.1876319485177,32
67.97660851081996,403.32150831494204,32
68.08858193427228,404.45725112570864,32
68.20058183628974,405.5948608221636,32
68.31260822126265,406.73433784572603,32
68.42466109358254,407.8756826378884,32
68.53674045764218,409.01889564021633,32
68.64884631783552,410.1639772943485,32
68.76097867855772,411.31092804199716,32
68.87313754420518,412.45974832494767,32
68.98532291917547,413.6104385850587,32
69.09753480786743,414.76299926426225,32
69.20977321468108,415.9174308045637,32
69.32203814401767,417.0737336480418,32
69.43432960027967,418.23190823684865,32
69.54664758787078,419.3919550132097,32
69.6589921111959,420.553874419424,32
69.77136317466118,421.7176668978639,32
69.88376078267397,422.8833328909753,32
69.99618493964289,424.0508728412774,32
70.10863564997774,425.2202871913631,32
70.22111291808959,426.3915763838989,32
70.29907695763376,427.56387736685565,32
70.37706435168937,428.7374783343343,32
70.45507214607632,429.91237960172214,32
70.533100343921,431.0885815091029,32
70.61114894835056,432.2660843966123,32
70.68921796249289,433.44488860443835,32
70.76730738947664,434.62499447282113,33
70.8454172324312,435.80640234205293,33
70.92354749448673,436.98911255247816,33
71.0016981787741,438.17312544449345,33
71.079869288425,439.3584413585476,33
71.15806082657183,440.5450606351417,33
71.23627279634775,441.732983614829,33
71.31450520088669,442.92221063821495,33
71.3927580433233,444.1127420459573,33
71.47103132679304,445.30457817876606,33
71.54932505443209,446.4977193774036,33
71.62763922937738,447.69216598268446,33
71.70597385476664,448.8879183354755,33
71.78432893373832,450.0849767766959,33
71.86270446943165,451.28334164731723,33
71.9411004649866,452.4830132883633,33
72.01951692354393,453.6839920409103,33
72.09795384824514,454.8862782460869,33
72.17641124223249,456.089872245074,33
72.25488910864901,457.2947743791049,33
72.3333874506385,458.50098498946545,33
72.41190627134552,459.70850441749377,33
72.49044557391538,460.9173330045805,33
72.56900536149418,462.12747109216855,33
72.64758563722876,463.3389190217535,33
72.72618640426673,464.5516771348833,33
72.80480766575648,465.7657457731583,33
72.88344942484719,466.98112527823156,33
72.96211168468874,468.19781599180834,33
73.04079444843184,469.41581825564674,33
73.11949771922794,470.63513241155715,33
73.19822150022927,471.85575880140266,33
73.27696579458883,473.0776977670988,33
73.3557306054604,474.30094965061375,33
73.43451593599849,475.52551479396817,33
73.51332178935844,476.7513935392355,33
73.59214816869634,477.9785862285416,33
73.67099507716904,479.207093204065,33
73.74986251793416,480.436914808037,33
73.82875049415013,481.6680513827413,33
73.90765900897613,482.90050327051443,33
73.9865880655721,484.1342708137456,33
74.06553766709881,485.36935435487663,33
74.14450781671775,486.6057542364021,33
74.22349851759121,487.8434708008692,33
74.30250977288227,489.082504390878,33
74.38154158575479,490.3228553490812,33
74.46059395937337,491.5645240181842,33
74.53966689690344,492.80751074094536,33
74.6187604015112,494.0518158601756,33
74.6978744763636,495.29743971873876,33
74.7770091246284,496.54438265955145,33
74.85616434947416,497.79264502558306,33
74.93534015407018,499.0422271598559,33
75.01453654158657,500.293129405445,33
75.09375351519421,501.5453521054783,33
75.1729910780648,502.7988956031366,33
75.25224923337078,504.05376024165366,33
75.3315279842854,505.30994636431603,33
75.41082733398271,506.56745431446325,33
75.49014728563752,507.82628443548765,34
75.56948784242546,509.0864370708346,34
75.64884900752291,510.34791256400246,34
75.72823078410707,511.61071125854244,34
75.80763317535592,512.8748334980588,34
75.88705618444824,514.1402796262088,34
75.96649981456359,515.4070499867024,34
76.04596406888233,516.6751449233032,34
76.1254489505856,517.944564779827,34
76.20495446285534,519.2153099001436,34
76.2844806088743,520.487380628175,34
76.36402739182603,521.7607773078967,34
76.44359481489482,523.0355002833371,34
76.52318288126583,524.3115498985779,34
76.60279159412495,525.5889264977538,34
76.68242095665893,526.8676304250525,34
76.76207097205527,528.1476620247151,34
76.84174164350229,529.4290216410357,34
76.9214329741891,530.7117096183612,34
77.00114496730563,531.9957263010922,34
77.0808776260426,533.2810720336823,34
77.1606309535915,534.5677471606384,34
77.24040495314466,535.8557520265205,34
77.3201996278952,537.1450869759417,34
77.40001498103707,538.4357523535685,34
77.47985101576498,539.7277485041207,34
77.55970773527446,541.0210757723712,34
77.63958514276186,542.3157345031464,34
77.71948324142433,543.6117250413256,34
77.79940203445982,544.9090477318418,34
77.87934152506708,546.2077029196813,34
77.95930171644568,547.5076909498836,34
78.039282611796,548.8090121675414,34
78.11928421431922,550.111666917801,34
78.19930652721735,551.4156555458621,34
78.27934955369318,552.7209783969777,34
78.35941329695034,554.027635816454,34
78.43949776019323,555.3356281496509,34
78.51960294662713,556.6449557419817,34
78.59972885945807,557.955618938913,34
78.67987550189292,559.2676180859648,34
78.76004287713937,560.5809535287109,34
78.8402309884059,561.8956256127782,34
78.92043983890186,563.2116346838474,34
79.00066943183734,564.5289810876525,34
79.08091977042331,565.847665169981,34
79.16119085787152,567.1676872766743,34
79.24148269739456,568.4890477536269,34
79.32179529220583,569.8117469467871,34
79.40212864551957,571.1357852021567,34
79.4824827605508,572.4611628657912,34
79.56285764051539,573.7878802837995,34
79.64325328863002,575.1159378023442,34
79.72366970811221,576.4453357676418,34
79.80410690218028,577.776074525962,34
79.88456487405338,579.1081544236285,34
79.96504362695151,580.4415758070185,34
80.04554316409546,581.776339022563,34
80.12606348870686,583.1124444167465,34
80.20660460400816,584.4498923361075,34
80.28716651322266,585.788683127238,35
80.36774921957445,587.1288171367838,35
80.44835272628848,588.4702947114446,35
80.52897703659052,589.8131161979736,35
80.60962215370716,591.1572819431781,35
80.69028808086584,592.5027922939189,35
80.77097482129481,593.8496475971108,35
80.85168237822317,595.1978481997222,35
80.93241075488085,596.5473944487757,35
81.01315995449859,597.8982866913475,35
81.09392998030799,599.2505252745677,35
81.17472083554148,600.6041105456203,35
81.25553252343232,601.9590428517432,35
81.3363650472146,603.3153225402283,35
81.41721841012325,604.6729499584213,35
81.49809261539406,606.0319254537218,35
81.57898766626363,607.3922493735834,35
81.6599035659694,608.7539220655137,35
81.74084031774966,610.1169438770744,35
81.82179792484354,611.4813151558809,35
81.902776390491,612.8470362496028,35
81.98377571793286,614.2141075059636,35
82.06479591041077,615.5825292727411,35
82.14583697116721,616.9523018977668,35
82.22689890344553,618.3234257289265,35
82.30798171048991,619.69590111416,35
82.38908539554538,621.0697284014612,35
82.4702099618578,622.4449079388781,35
82.5513554126739,623.8214400745129,35
82.63252175124123,625.1993251565217,35
82.7137089808082,626.5785635331149,35
82.79491710462409,627.9591555525571,35
82.876146125939,629.3411015631671,35
82.95739604800389,630.7244019133177,35
83.03866687407056,632.1090569514362,35
83.11995860739168,633.4950670260038,35
83.20127125122076,634.882432485556,35
83.28260480881217,636.2711536786828,35
83.36395928342111,637.6612309540283,35
83.44533467830367,639.0526646602907,35
83.52673099671676,640.4454551462228,35
83.60814824191819,641.8396027606315,35
83.68958641716657,643.235107852378,35
83.77104552572139,644.631970770378,35
83.85252557084303,646.0301918636014,35
83.93402655579267,647.4297714810725,35
84.01554848383239,648.8307099718701,35
84.09709135822513,650.2330076851272,35
84.17865518223465,651.6366649700311,35
84.26023995912561,653.0416821758239,35
84.34184569216353,654.4480596518019,35
84.42347238461478,655.8557977473159,35
84.50512003974659,657.2648968117711,35
84.58678866082705,658.6753571946272,35
84.66847825112515,660.0871792453984,35
84.7501888139107,661.5003633136535,35
84.83192035245439,662.9149097490155,35
84.91367287002778,664.3308189011623,35
84.9954463699033,665.7480911198262,35
85.07724085535426,667.1667267547941,35
85.15905632965482,668.5867261559075,36
85.24089279607999,670.0080896730624,36
85.3227502579057,671.4308176562095,36
85.4046287184087,672.8549104553538,36
85.48652818086667,674.2803684205553,36
85.5684486485581,675.7071919019287,36
85.6503901247624,677.1353812496432,36
85.73235261275981,678.5649368139225,36
85.8143361158315,679.9958589450454,36
85.89634063725946,681.4281479933449,36
85.97836618032659,682.8618043092092,36
86.06041274831665,684.2968282430811,36
86.1424803445143,685.7332201454581,36
86.22456897220505,687.1709803668923,36
86.3066786346753,688.6101092579908,36
86.38880933521233,690.0506071694155,36
86.4709610771043,691.4924744518829,36
86.55313386364027,692.9357114561647,36
86.63532769811013,694.3803185330871,36
86.7175425838047,695.8262960335313,36
86.79977852401568,697.2736443084334,36
86.88203552203562,698.7223637087841,36
86.964313581158,700.1724545856293,36
87.04661270467713,701.6239172900699,36
87.12893289588825,703.0767521732615,36
87.21127415808749,704.5309595864146,36
87.29363649457183,705.9865398807948,36
87.37601990863917,707.4434934077227,36
87.45842440358828,708.9018205185738,36
87.54084998271884,710.3615215647785,36
87.62329664933141,711.8225968978225,36
87.70576440672743,713.2850468692462,36
87.78825325820924,714.7488718306454,36
87.87076320708007,716.2140721336707,36
87.95329425664406,717.6806481300279,36
88.03584641020622,719.1486001714776,36
88.11841967107246,720.617928609836,36
88.2010140425496,722.0886337969741,36
88.28362952794535,723.5607160848182,36
88.36626613056832,725.0341758253495,36
88.44892385372799,726.5090133706046,36
88.53160270073478,727.9852290726752,36
88.61430267489997,729.4628232837083,36
88.69702377953578,730.9417963559059,36
88.77976601795531,732.4221486415254,36
88.86252939347254,733.9038804928792,36
88.94531390940239,735.3869922623354,36
89.02811956906066,736.871484302317,36
89.11094637576407,738.3573569653022,36
89.19379433283022,739.8446106038249,36
89.27666344357763,741.3332455704741,36
89.35955371132574,742.8232622178941,36
89.44246513939487,744.3146608987846,36
89.52539773110625,745.8074419659007,36
89.36149374170583,747.2954343283508,36
89.19759088683993,748.7806949860076,36
89.03368916414217,750.2632239577208,36
88.86978857124782,751.7430212623009,36
88.70588910579377,753.2200869185186,36
88.54199076541855,754.6944209451058,36
88.37809354776229,756.1660233607547,37
88.21419745046678,757.6348941841183,37
88.05030247117543,759.1010334338104,37
87.88640860753323,760.5644411284055,37
87.72251585718682,762.025117286439,37
87.55862421778444,763.483061926407,37
87.39473368697593,764.9382750667666,37
87.23084426241273,766.3907567259354,37
87.0669559417479,767.8405069222922,37
86.9030687226361,769.2875256741769,37
86.73918260273356,770.7318129998899,37
86.5752975796981,772.1733689176929,37
86.41141365118915,773.6121934458084,37
86.2475308148677,775.0482866024201,37
86.08364906839634,776.4816484056728,37
85.91976840943923,777.9122788736722,37
85.75588883566209,779.3401780244851,37
85.59201034473223,780.7653458761396,37
85.42813293431851,782.1877824466247,37
85.26425660209138,783.607487753891,37
85.10038134572281,785.02446181585,37
84.93650716288634,786.4387046503745,37
84.7726340512571,787.8502162752985,37
84.60876200851172,789.2589967084175,37
84.44489103232839,790.665045967488,37
84.28102112038685,792.0683640702283,37
84.11715227036838,793.4689510343177,37
83.9532844799558,794.8668068773968,37
83.78941774683345,796.2619316170681,37
83.62555206868721,797.654325270895,37
83.46168744320448,799.0439878564027,37
83.29782386807419,800.4309193910779,37
83.13396134098677,801.8151198923686,37
82.9700998596342,803.1965893776845,37
82.80623942170995,804.575327864397,37
82.64238002490899,805.9513353698387,37
82.47852166692782,807.3246119113043,37
82.31466434546442,808.6951575060498,37
82.15080805821829,810.062972171293,37
81.98695280289041,811.4280559242135,37
81.82309857718327,812.7904087819522,37
81.65924537880083,814.1500307616124,37
81.49539320544855,815.5069218802586,37
81.33154205483336,816.8610821549173,37
81.16769192466369,818.2125116025769,37
81.00384281264941,819.5612102401876,37
80.8399947165019,820.9071780846615,37
80.67614763393401,822.2504151528723,37
80.51230156266001,823.5909214616561,37
80.34845650039568,824.9286970278105,37
80.18461244485825,826.2637418680954,37
80.02076939376639,827.5960559992324,37
79.85692734484023,828.9256394379054,37
79.69308629580136,830.25249220076,37
79.52924624437281,831.5766143044043,37
79.36540718827905,832.8980057654082,37
79.20156912524598,834.2166666003037,37
79.03773205300095,835.532596825585,37
78.87389596927275,836.8457964577084,37
78.71006087179158,838.1562655130925,37
78.5462267582891,839.4640040081182,37
78.38239362649834,840.7690119591283,38
78.2185614741538,842.0712893824281,38
78.05473029899136,843.3708362942849,38
77.89090009874835,844.6676527109287,38
77.72707087116346,845.9617386485515,38
77.56324261397685,847.253094123308,38
77.39941532493003,848.5417191513147,38
77.23558900176594,849.8276137486511,38
77.07176364222892,851.1107779313587,38
76.90793924406465,852.3912117154417,38
76.74411580502027,853.6689151168667,38
76.58029332284428,854.9438881515628,38
76.41647179528657,856.2161308354213,38
76.25265122009839,857.4856431842962,38
76.08883159503237,858.7524252140046,38
75.92501291784255,860.0164769403253,38
75.76119518628431,861.2777983790005,38
75.5973783981144,862.5363895457343,38
75.43356255109093,863.792250456194,38
75.26974764297339,865.0453811260093,38
75.1059336715226,866.2957815707726,38
74.94212063450078,867.5434518060391,38
74.77830852967146,868.7883918473267,38
74.61449735479954,870.0306017101161,38
74.45068710765123,871.2700814098507,38
74.28687778599414,872.5068309619368,38
74.12306938759717,873.7408503817435,38
73.95926191023057,874.9721396846027,38
73.79545535166592,876.2006988858091,38
73.63164970967615,877.4265280006204,38
73.4678449820355,878.6496270442573,38
73.30404116651951,879.8699960319033,38
73.14023826090508,881.087634978705,38
72.97643626297038,882.3025438997718,38
72.81263517049494,883.514722810176,38
72.64883498125957,884.7241717249534,38
72.4850356930464,885.9308906591024,38
72.32123730363885,887.1348796275846,38
72.15743981082166,888.3361386453248,38
71.99364321238083,889.5346677272108,38
71.82984750610369,890.7304668880936,38
71.66605268977885,891.9235361427872,38
71.5022587611962,893.1138755060689,38
71.33846571814692,894.3014849926793,38
71.17467355842346,895.486364617322,38
71.01088227981957,896.668514394664,38
70.84709188013025,897.8479343393354,38
70.68330235715179,899.0246244659297,38
70.51951370868173,900.1985847890039,38
70.35572593251888,901.3698153230778,38
70.19193902646333,902.538316082635,38
70.0281529883164,903.7040870821223,38
69.86436781588068,904.86712833595,38
69.70058350696002,906.0274398584917,38
69.53680005935949,907.1850216640843,38
69.37301747088544,908.3398737670284,38
69.20923573934544,909.491996181588,38
69.04545486254831,910.6413889219905,38
68.88167483830411,911.7880520024269,38
68.7178956644241,912.9319854370516,38
68.55411733872081,914.0731892399828,39
68.390339859008,915.2116634253019,39
68.2265632231006,916.3474080070544,39
68.0627874288148,917.4804229992488,39
67.89901247396801,918.610708415858,39
67.73523835637886,919.7382642708177,39
67.57146507386715,920.8630905780278,39
67.40769262425391,921.9851873513519,39
67.2439210053614,923.1045546046172,39
67.08015021501305,924.2211923516145,39
66.9163802510335,925.3351006060985,39
66.75261111124857,926.4462793817878,39
66.5888427934853,927.5547286923645,39
66.42507529557189,928.6604485514748,39
66.26130861533774,929.7634389727284,39
66.09754275061343,930.8636999696993,39
65.93377769923072,931.9612315559249,39
65.77001345902254,933.0560337449068,39
65.606250027823,934.1481065501105,39
65.44248740346738,935.2374499849652,39
65.27872558379212,936.3240640628644,39
65.11496456663484,937.4079487971653,39
64.9512043498343,938.4891042011892,39
64.78744493123043,939.5675302882213,39
64.62368630866429,940.643227071511,39
64.45992847997813,941.7161945642716,39
64.29617144301533,942.7864327796806,39
64.13241519562038,943.8539417308793,39
63.96865973563899,944.9187214309735,39
63.80490506091793,945.9807718930329,39
63.641151169305154,947.0400931300911,39
63.477398058649726,948.0966851551465,39
63.31364572680185,949.1505479811611,39
63.14989417161285,950.2016816210614,39
62.986143390935176,951.250086087738,39
62.822393382622394,952.2957613940458,39
62.65864414452919,953.3387075528038,39
62.49489567451136,954.3789245767955,39
62.33114797042582,955.4164124787686,39
62.16740103013058,956.451171271435,39
62.003654851484754,957.483200967471,39
61.83990943234858,958.5125015795173,39
61.67616477058336,959.539073120179,39
61.51242086405153,960.5629156020253,39
61.34867771061658,961.5840290375903,39
61.18493530814311,962.6024134393721,39
61.021193654496805,963.6180688198333,39
60.85745274754442,964.6309951914011,39
60.693712585153804,965.6411925664671,39
60.52997316519388,966.6486609573874,39
60.36623448553463,967.6534003764824,39
60.202496544047136,968.6554108360375,39
60.03875933860351,969.6546923483022,39
59.87502286707696,970.6512449254908,39
59.71128712734173,971.645068579782,39
59.547552117273135,972.6361633233194,39
59.383817834747546,973.6245291682109,39
59.220084277642385,974.610166126529,39
59.056351443836114,975.5930742103112,39
58.89261933120825,976.5732534315595,39
58.72888793763936,977.5507038022404,40
58.565157261011024,978.5254253342854,40
58.401427299205885,979.4974180395905,40
58.23769805010761,980.4666819300164,40
58.07396951160089,981.433217017389,40
57.910241681571456,982.3970233134982,40
57.746514557906046,983.3581008300995,40
57.58278813849243,984.3164495789126,40
57.4190624212194,985.2720695716223,40
57.25533740397676,986.2249608198782,40
57.091613084655314,987.1751233352948,40
56.92788946114689,988.1225571294514,40
56.76416653134432,989.0672622138921,40
56.600444293141436,990.0092386001262,40
56.43672274443306,990.9484862996275,40
56.27300188311503,991.885005323835,40
56.10928170708416,992.8187956841529,40
55.94556221423826,993.7498573919497,40
55.781843402476134,994.6781904585596,40
55.618125269697565,995.6037948952813,40
55.45440781380332,996.526670713379,40
55.29069103269514,997.4468179240813,40
55.12697492427575,998.3642365385824,40
54.963259486448834,999.2789265680414,40
54.799544717119055,1000.1908880235823,40
54.635830614192045,1001.1001209162945,40
54.47211717557439,1002.0066252572323,40
54.30840439917364,1002.9104010574151,40
54.144692282898305,1003.8114483278279,40
53.98098082465784,1004.7097670794201,40
53.81727002236267,1005.605357323107,40
53.653559873924145,1006.4982190697688,40
53.48985037725458,1007.3883523302508,40
53.326141530267215,1008.2757571153636,40
53.16243333087624,1009.1604334358832,40
52.99872577699678,1010.0423813025508,40
52.835018866544885,1010.9216007260728,40
52.671312597437556,1011.7980917171209,40
52.50760696759269,1012.6718542863321,40
52.34390197492914,1013.5428884443087,40
52.18019761736665,1014.4111942016184,40
52.0164938928259,1015.2767715687943,40
51.85279079922848,1016.1396205563348,40
51.689088334496894,1016.9997411747036,40
51.52538649655456,1017.85713343433,40
51.36168528332579,1018.7117973456085,40
51.1979846927358,1019.5637329188992,40
51.034284722710716,1020.4129401645274,40
50.870585371177555,1021.2594190927842,40
50.706886636064226,1022.103169713926,40
50.54318851529953,1022.9441920381747,40
50.37949100681316,1023.7824860757175,40
50.21579410853569,1024.6180518367073,40
50.05209781839857,1025.4508893312627,40
49.88840213433415,1026.2809985694678,40
49.72470705427563,1027.108379561372,40
49.5610125761571,1027.9330323169902,40
49.397318697913505,1028.7549568463035,40
49.233625417480674,1029.574153159258,40
49.069932732795294,1030.3906212657655,40
48.9062406417949,1031.2043611757038,41
48.74254914241791,1032.0153728989158,41
48.57885823260357,1032.8236564452106,41
48.415167910292006,1033.629211824363,41
48.25147817342416,1034.4320390461128,41
48.08778901994185,1035.2321381201662,41
47.92410044778772,1036.0295090561947,41
47.760412454905264,1036.8241518638358,41
47.596725039238805,1037.6160665526927,41
47.433038198733506,1038.405253132334,41
47.26935193133535,1039.1917116122947,41
47.10566623499116,1039.9754420020752,41
46.94198110764859,1040.7564443111414,41
46.7782965472561,1041.5347185489259,41
46.614612551762974,1042.310264724826,41
46.450929119119316,1043.083082848206,41
46.287246247276045,1043.8531729283952,41
46.12356393418489,1044.6205349746892,41
45.95988217779837,1045.3851689963494,41
45.79620097606984,1046.1470750026028,41
45.63252032695343,1046.9062530026426,41
45.46884022840408,1047.6627030056281,41
45.30516067837753,1048.4164250206843,41
45.1414816748303,1049.167419056902,41
44.9778032157197,1049.915685123338,41
44.81412529900385,1050.6612232290156,41
44.65044792264162,1051.4040333829232,41
44.486771084592675,1052.144115594016,41
44.32309478281747,1052.881469871215,41
44.15941901527722,1053.6160962234067,41
43.995743779933925,1054.3479946594443,41
43.83206907475033,1055.077165188147,41
43.66839489768997,1055.8036078182997,41
43.50472124671714,1056.5273225586536,41
43.34104811979688,1057.2483094179258,41
43.177375514895004,1057.9665684048,41
43.013703429978065,1058.6820995279254,41
42.850031863013385,1059.3949027959177,41
42.68636081196902,1060.1049782173586,41
42.52269027481377,1060.8123258007959,41
42.359020249517194,1061.5169455547439,41
42.195350734049576,1062.2188374876825,41
42.03168172638194,1062.9180016080584,41
41.86801322448604,1063.614437924284,41
41.704345226334375,1064.3081464447382,41
41.54067772990015,1064.9991271777662,41
41.37701073315732,1065.6873801316792,41
41.21334423408054,1066.372905314755,41
41.049678230645185,1067.055702735237,41
40.88601272082737,1067.7357724013357,41
40.72234770260389,1068.4131143212273,41
40.558683173952275,1069.0877285030544,41
40.395019132850756,1069.7596149549263,41
40.231355577278265,1070.4287736849178,41
40.06769250521444,1071.0952047010708,41
39.9040299146396,1071.7589080113933,41
39.74036780353479,1072.4198836238597,41
39.576706169881724,1073.0781315464108,41
39.41304501166282,1073.7336517869533,41
39.24938432686116,1074.386444353361,41
39.08572411346054,1075.0365092534735,42
38.92206436944542,1075.6838464950974,42
38.75840509280094,1076.3284560860054,42
38.59474628151292,1076.9703380339365,42
38.43108793356784,1077.6094923465964,42
38.26743004695286,1078.2459190316572,42
38.10377261965581,1078.8796180967572,42
37.94011564966517,1079.510589549502,42
37.77645913497008,1080.1388333974621,42
37.612803073560364,1080.7643496481762,42
37.44914746342647,1081.387138309149,42
37.28549230255952,1082.007199387851,42
37.121837588951266,1082.62453289172,42
36.95818332059412,1083.2391388281603,42
36.79452949548112,1083.8510172045426,42
36.63087611160597,1084.4601680282037,42
36.467223166962995,1085.0665913064477,42
36.303570659547155,1085.6702870465451,42
36.139918587354046,1086.2712552557327,42
35.97626694837989,1086.8694959412142,42
35.81261574062153,1087.4650091101598,42
35.64896496207644,1088.0577947697066,42
35.48531461074271,1088.6478529269577,42
35.32166468461905,1089.2351835889838,42
35.158015181704776,1089.8197867628212,42
34.99436609999982,1090.4016624554736,42
34.83071743750474,1090.9808106739113,42
34.66706919222066,1091.557231425071,42
34.50342136214934,1092.1309247158563,42
34.339773945293125,1092.7018905531374,42
34.176126939654964,1093.2701289437514,42
34.012480343238394,1093.8356398945018,42
33.84883415404755,1094.3984234121592,42
33.68518837008715,1094.958479503461,42
33.52154298936249,1095.515808175111,42
33.357898009879456,1096.07040943378,42
33.19425342964452,1096.6222832861056,42
33.030609246664724,1097.171429738692,42
32.86696545894768,1097.7178487981103,42
32.70332206450158,1098.2615404708984,42
32.539679061335164,1098.8025047635608,42
32.376036447457764,1099.3407416825696,42
32.212394220879254,1099.8762512343626,42
32.04875237961008,1100.4090334253456,42
31.885110921661237,1100.9390882618904,42
31.721469845044275,1101.466415750336,42
31.557829147771297,1101.9910158969883,42
31.394188827854947,1102.5128887081198,42
31.230548883308423,1103.0320341899705,42
31.06690931214546,1103.5484523487464,42
30.903270112380326,1104.0621431906213,42
30.73963128202784,1104.5731067217355,42
30.575992819103345,1105.0813429481962,42
30.412354721622712,1105.5868518760774,42
30.248716987602347,1106.0896335114205,42
30.085079615059172,1106.5896878602337,42
29.92144260201064,1107.0870149284917,42
29.75780594647472,1107.5816147221367,42
29.59416964646989,1108.073487247078,42
29.430533700015154,1108.562632509191,42
29.266898105130018,1109.049050514319,43
29.103262859834494,1109.5327412682723,43
28.939627962149107,1110.0137047768274,43
28.775993410094877,1110.4919410457285,43
28.612359201693323,1110.9674500806868,43
28.44872533496646,1111.4402318873802,43
28.285091807936805,1111.910286471454,43
28.12145861862735,1112.3776138385201,43
27.95782576506159,1112.842213994158,43
27.794193245263493,1113.3040869439142,43
27.630561057257513,1113.7632326933017,43
27.466929199068584,1114.2196512478013,43
27.303297668722116,1114.6733426128603,43
27.139666464243994,1115.1243067938938,43
26.97603558366057,1115.5725437962833,43
26.812405024998657,1116.0180536253777,43
26.64877478628555,1116.460836286493,43
26.48514486554899,1116.9008917849128,43
26.321515260817183,1117.338220125887,43
26.15788597011879,1117.772821314633,43
25.99425699148293,1118.2046953563358,43
25.830628322939166,1118.633842256147,43
25.666999962517508,1119.0602620191855,43
25.50337190824842,1119.4839546505375,43
25.339744158162794,1119.9049201552561,43
25.17611671029197,1120.3231585383621,43
25.012489562667728,1120.738669804843,43
24.84886271332227,1121.151453959654,43
24.685236160288234,1121.561511007717,43
24.521609901598687,1121.9688409539212,43
24.357983935287123,1122.3734438031233,43
24.19435825938745,1122.7753195601472,43
24.030732871934,1123.174468229784,43
23.86710777096152,1123.5708898167918,43
23.703482954505173,1123.9645843258963,43
23.539858420600527,1124.3555517617906,43
23.376234167283567,1124.7437921291344,43
23.21261019259067,1125.1293054325552,43
23.048986494558626,1125.5120916766475,43
22.88536307122462,1125.8921508659735,43
22.721739920626234,1126.269483005062,43
22.55811704080144,1126.64408809841,43
22.394494429788605,1127.0159661504813,43
22.23087208562648,1127.385117165707,43
22.067250006354207,1127.7515411484856,43
21.903628190011304,1128.1152381031827,43
21.74000663463767,1128.4762080341318,43
21.57638533827358,1128.8344509456333,43
21.41276429895969,1129.189966841955,43
21.249143514737014,1129.5427557273322,43
21.085522983646943,1129.8928176059671,43
20.921902703731227,1130.24015248203,43
20.758282673031985,1130.584760359658,43
20.594662889591692,1130.9266412429558,43
20.43104335145318,1131.2657951359956,43
20.26742405665963,1131.6022220428167,43
20.103805003254585,1131.9359219674259,43
19.940186189281928,1132.2668949137974,43
19.776567612785886,1132.595140885873,43
19.612949271811033,1132.9206598875617,43
19.449331164402277,1133.24345192274,44
19.285713288604875,1133.5635169952518,44
19.1220956424644,1133.8808551089085,44
18.958478224026774,1134.1954662674884,44
18.794861031338232,1134.5073504747384,44
18.631244062445347,1134.8165077343715,44
18.46762731539501,1135.1229380500693,44
18.304010788234425,1135.42664142548,44
18.140394479011125,1135.72761786422,44
17.976778385772946,1136.0258673698725,44
17.813162506568045,1136.3213899459886,44
17.64954683944488,1136.6141855960866,44
17.485931382452222,1136.9042543236526,44
17.322316133639134,1137.19159613214,44
17.158701091054994,1137.4762110249692,44
16.995086252749463,1137.7580990055292,44
16.831471616772504,1138.0372600771757,44
16.66785718117437,1138.313694243232,44
16.5042429440056,1138.587401506989,44
16.34062890331703,1138.8583818717052,44
16.17701505715976,1139.1266353406065,44
16.01340140358519,1139.3921619168864,44
15.849787940644983,1139.654961603706,44
15.686174666391086,1139.9150344041936,44
15.522561578875713,1140.1723803214456,44
15.358948676151348,1140.4269993585256,44
15.19533595627074,1140.6788915184643,44
15.031723417286907,1140.928056804261,44
14.86811105725312,1141.1744952188815,44
14.704498874222912,1141.4182067652598,44
14.54088686625007,1141.6591914462974,44
14.377275031388633,1141.8974492648636,44
14.213663367692892,1142.1329802237942,44
14.05005187321738,1142.3657843258939,44
13.886440546016875,1142.5958615739341,44
13.722829384146399,1142.8232119706543,44
13.55921838566121,1143.0478355187613,44
13.395607548616798,1143.2697322209297,44
13.23199687106889,1143.4889020798014,44
13.068386351073443,1143.705345097986,44
12.904775986686635,1143.919061278061,44
12.741165775964877,1144.1300506225712,44
12.577555716964792,1144.338313134029,44
12.413945807743227,1144.5438488149146,44
12.250336046357242,1144.7466576676757,44
12.086726430864113,1144.9467396947275,44
11.923116959321321,1145.1440948984532,44
11.75950762978656,1145.3387232812036,44
11.595898440317722,1145.5306248452966,44
11.432289388972906,1145.7197995930185,44
11.268680473810406,1145.9062475266223,44
11.105071692888714,1146.0899686483294,44
10.941463044266515,1146.2709629603287,44
10.777854526002681,1146.4492304647765,44
10.614246136156277,1146.624771163797,44
10.45063787278655,1146.7975850594821,44
10.287029733952926,1146.967672153891,44
10.123421717715015,1147.135032449051,44
9.9598138221326,1147.2996659469568,44
9.79620604526564,1147.4615726495708,44
9.63259838517426,1147.6207525588231,45
9.468990839918757,1147.7772056766112,45
9.305383407559592,1147.9309320048008,45
9.141776086157389,1148.0819315452252,45
8.978168873772928,1148.2302042996848,45
8.81456176846715,1148.3757502699484,45
8.650954768301148,1148.518569457752,45
8.487347871336164,1148.6586618647993,45
8.323741075633592,1148.7960274927625,45
8.160134379254968,1148.9306663432803,45
7.996527780261973,1149.0625784179597,45
7.832921276716425,1149.1917637183753,45
7.669314866680281,1149.3182222460698,45
7.505708548215633,1149.4419540025528,45
7.342102319384702,1149.5629589893024,45
7.17849617824984,1149.6812372077638,45
7.014890122873521,1149.7967886593503,45
6.851284151318347,1149.9096133454427,45
6.6876782616470365,1150.0197112673895,45
6.524072451922426,1150.127082426507,45
6.360466720207467,1150.2317268240795,45
6.196861064565223,1150.3336444613585,45
6.033255483058865,1150.4328353395636,45
5.869649973751673,1150.529299459882,45
5.706044534707027,1150.6230368234685,45
5.54243916398841,1150.7140474314456,45
5.378833859659401,1150.8023312849039,45
5.215228619783674,1150.887888384901,45
5.051623442424997,1150.9707187324636,45
4.888018325647226,1151.0508223285847,45
4.724413267514303,1151.1281991742253,45
4.560808266090255,1151.202849270315,45
4.397203319439189,1151.2747726177502,45
4.23359842562529,1151.3439692173956,45
4.0699935827128195,1151.4104390700832,45
3.90638878876611,1151.474182176613,45
3.742784041849564,1151.535198537753,45
3.579179340027652,1151.5934881542382,45
3.415574681364908,1151.6490510267722,45
3.251970063925927,1151.7018871560256,45
3.0883654857753626,1151.7519965426372,45
2.924760944977925,1151.7993791872136,45
2.7611564395983756,1151.8440350903288,45
2.5975519677015275,1151.8859642525247,45
2.4339475273522404,1151.925166674311,45
2.270343116615418,1151.9616423561652,45
2.1067387335560075,1151.9953912985322,45
1.9431343762389928,1152.0264135018253,45
1.7795300427293954,1152.0547089664249,45
1.6159257310922697,1152.0802776926796,45
1.4523214393927004,1152.1031196809051,45
1.2887171656958003,1152.123234931386,45
1.1251129080667068,1152.1406234443734,45
0.9615086645705796,1152.155285220087,45
0.7979044332725975,1152.167220258714,45
0.6343002122379562,1152.1764285604092,45
0.4706959995318648,1152.1829101252956,45
0.3070917932195435,1152.1866649534634,45
0.14348759136622052,1152.1876930449707,45
-0.02011660796287068,1152.1859943998436,45
-0.18372080667535928,1152.1815690180763,46
-0.34732500449703607,1152.174416899686,46
-0.5109291997731684,1152.1645380447292,46
-0.6745333908490179,1152.1519324532894,46
-0.8381375760698376,1152.136600125478,46
-1.0017417537808702,1152.1185410614341,46
-1.1653459223273441,1152.0977552613242,46
-1.328950080054472,1152.0742427253424,46
-1.4925542253074475,1152.0480034537102,46
-1.6561583564314426,1152.019037446677,46
-1.8197624717716054,1151.9873447045195,46
-1.9833665696730571,1151.9529252275424,46
-2.1469706484808895,1151.9157790160777,46
-2.310574706540162,1151.875906070485,46
-2.474178742195899,1151.8333063911514,46
-2.6377827537930894,1151.7879799784914,46
-2.80138673967668,1151.739926832948,46
-2.9649906981915755,1151.6891469549905,46
-3.1285946276826357,1151.6356403451166,46
-3.2921985264946727,1151.5794070038517,46
-3.4558023929724473,1151.5204469317482,46
-3.6194062254606676,1151.4587601293865,46
-3.7830100223039858,1151.3943465973744,46
-3.9466137818469957,1151.3272063363474,46
-4.11021750243423,1151.2573393469686,46
-4.273821182410156,1151.1847456299286,46
-4.437424820119178,1151.1094251859456,46
-4.601028413905628,1151.0313780157655,46
-4.764631962113769,1150.950604120162,46
-4.928235463087787,1150.8671034999359,46
-5.091838915171792,1150.7808761559156,46
-5.255442316709815,1150.6919220889577,46
-5.419045666045806,1150.6002412999458,46
-5.582648961523626,1150.5058337897913,46
-5.746252201487053,1150.4086995594334,46
-5.909855384279772,1150.3088386098389,46
-6.073458508245376,1150.2062509420016,46
-6.237061571727363,1150.1009365569437,46
-6.400664573069132,1149.9928954557147,46
-6.5642675106139805,1149.8821276393917,46
-6.727870382705106,1149.7686331090792,46
-6.891473187685596,1149.6524118659097,46
-7.055075923898432,1149.533463911043,46
-7.218678589686483,1149.4117892456668,46
-7.382281183392505,1149.287387870996,46
-7.545883703359134,1149.1602597882736,46
-7.709486147928893,1149.0304049987699,46
-7.873088515444177,1148.8978235037832,46
-8.036690804247261,1148.762515304639,46
-8.200293012680289,1148.6244804026908,46
-8.363895139085278,1148.4837187993191,46
-8.52749718180411,1148.340230495933,46
-8.691099139178535,1148.1940154939684,46
-8.854701009550162,1148.0450737948895,46
-9.018302791260464,1147.8934054001875,46
-9.181904482650765,1147.7390103113817,46
-9.345506082062249,1147.581888530019,46
-9.509107587835947,1147.4220400576735,46
-9.672708998312743,1147.2594648959475,46
-9.836310311833364,1147.094163046471,46
-9.999911526738384,1146.9261345109012,47
-10.163512641368214,1146.755379290923,47
-10.327113654063108,1146.5818973882494,47
-10.490714563163154,1146.405688804621,47
-10.654315367008271,1146.2267535418055,47
-10.81791606393821,1146.0450916015986,47
-10.98151665229255,1145.860702985824,47
-11.145117130410696,1145.673587696333,47
-11.308717496631877,1145.483745735004,47
-11.472317749295136,1145.2911771037436,47
-11.635917886739339,1145.0958818044858,47
-11.799517907303164,1144.8978598391927,47
-11.963117809325102,1144.6971112098538,47
-12.126717591143452,1144.4936359184862,47
-12.29031725109632,1144.287433967135,47
-12.45391678752162,1144.0785053578727,47
-12.617516198757063,1143.8668500927997,47
-12.781115483140155,1143.652468174044,47
-12.944714639008208,1143.4353596037618,47
-13.10831366469832,1143.2155243841362,47
-13.271912558547383,1142.9929625173784,47
-13.435511318892075,1142.7676740057273,47
-13.59910994406886,1142.5396588514498,47
-13.762708432413987,1142.30891705684,47
-13.926306782263483,1142.0754486242204,47
-14.089904991953153,1141.8392535559403,47
-14.253503059818577,1141.6003318543778,47
-14.417100984195107,1141.358683521938,47
-14.580698763417866,1141.1143085610543,47
-14.74429639582174,1140.8672069741872,47
-14.907893879741385,1140.6173787638254,47
-15.071491213511214,1140.3648239324855,47
-15.2350883954654,1140.1095424827113,47
-15.398685423937874,1139.8515344170748,47
-15.56228229726232,1139.5907997381762,47
-15.72587901377217,1139.3273384486424,47
-15.88947557180061,1139.0611505511288,47
-16.053071969680566,1138.7922360483185,47
-16.21666820574471,1138.5205949429223,47
-16.380264278325456,1138.2462272376786,47
-16.54386018575495,1137.969132935354,47
-16.707455926365082,1137.6893120387429,47
-16.871051498487464,1137.406764550667,47
-17.034646900453446,1137.1214904739766,47
-17.1982421305941,1136.8334898115488,47
-17.361837187240226,1136.5427625662894,47
-17.525432068722345,1136.2493087411317,47
-17.689026773370696,1135.953128339037,47
-17.85262129951523,1135.654221362994,47
-18.016215645485623,1135.3525878160194,47
-18.179809809611253,1135.048227701158,47
-18.343403790221213,1134.7411410214827,47
-18.506997585644296,1134.4313277800934,47
-18.670591194209,1134.1187879801184,47
-18.834184614243522,1133.803521624714,47
-18.997777844075763,1133.4855287170642,47
-19.16137088203331,1133.1648092603805,47
-19.324963726443453,1132.841363257903,47
-19.488556375633163,1132.515190712899,47
-19.652148827929103,1132.1862916286643,47
-19.81574108165762,1131.8546660085224,47
-19.979333135144742,1131.5203138558243,48
-20.142924986716174,1131.1832351739492,48
-20.306516634697303,1130.8434299663045,48
-20.470108077413187,1130.5008982363252,48
-20.63369931318855,1130.155639987474,48
-20.797290340347796,1129.807655223242,48
-20.96088115721499,1129.4569439471477,48
-21.12447176211385,1129.1035061627383,48
-21.288062153367772,1128.7473418735883,48
-21.451652329299797,1128.3884510833007,48
-21.61524228823263,1128.0268337955058,48
-21.77883202848862,1127.662490013862,48
-21.94242154838977,1127.2954197420565,48
-22.106010846257735,1126.9256229838034,48
-22.269599920413807,1126.553099742845,48
-22.433188769178926,1126.1778500229523,48
-22.596777390873665,1125.7998738279236,48
-22.760365783818237,1125.4191711615854,48
-22.923953946332492,1125.0357420277921,48
-23.087541876735905,1124.6495864304266,48
-23.251129573347587,1124.260704373399,48
-23.414717034486266,1123.869095860648,48
-23.5783042584703,1123.4747608961404,48
-23.741891243617665,1123.0776994838704,48
-23.905477988245956,1122.677911627861,48
-24.069064490672382,1122.2753973321628,48
-24.232650749213764,1121.870156600855,48
-24.396236762186536,1121.4621894380437,48
-24.55982252790674,1121.0514958478643,48
-24.723408044690014,1120.6380758344797,48
-24.886993310851608,1120.2219294020808,48
-25.050578324706365,1119.803056554887,48
-25.214163084568728,1119.3814572971453,48
-25.37774758875273,1118.9571316331312,48
-25.541331835572,1118.5300795671483,48
-25.70491582333975,1118.1003011035277,48
-25.86849955036878,1117.6677962466297,48
-26.03208301497148,1117.232565000842,48
-26.19566621545981,1116.7946073705803,48
-26.359249150145313,1116.3539233602887,48
-26.522831817339107,1115.9105129744398,48
-26.686414215351878,1115.464376217534,48
-26.84999634249389,1115.0155130940996,48
-27.013578197074967,1114.5639236086934,48
-27.1771597774045,1114.1096077659006,48
-27.340741081791446,1113.652565570334,48
-27.50432210854431,1113.1927970266354,48
-27.667902855971164,1112.730302139474,48
-27.83148332237963,1112.2650809135475,48
-27.995063506076875,1111.797133353582,48
-28.158643405369624,1111.326459464332,48
-28.322223018564145,1110.8530592505792,48
-28.485802343966245,1110.3769327171349,48
-28.649381379881277,1109.8980798688376,48
-28.812960124614126,1109.4165007105546,48
-28.976538576469213,1108.9321952471814,48
-29.140116733750492,1108.4451634836416,48
-29.30369459476145,1107.9554054248872,48
-29.467272157805095,1107.4629210758985,48
-29.63084942118396,1106.967710441684,48
-29.794426383200104,1106.4697735272805,49
-29.958003042155102,1105.9691103377531,49
-30.121579396350047,1105.4657208781957,49
-30.28515544408554,1104.9596051537299,49
-30.448731183661696,1104.4507631695058,49
-30.612306613378138,1103.9391949307017,49
-30.775881731533996,1103.4249004425249,49
-30.939456536427898,1102.9078797102102,49
-31.10303102635798,1102.3881327390216,49
-31.26660519962186,1101.8656595342507,49
-31.43017905451667,1101.3404601012178,49
-31.593752589339022,1100.812534445272,49
-31.75732580238502,1100.28188257179,49
-31.92089869195025,1099.7485044861778,49
-32.084471256329785,1099.2124001938691,49
-32.24804349381819,1098.6735697003264,49
-32.41161540270949,1098.1320130110405,49
-32.575186981297186,1097.5877301315306,49
-32.73875822787427,1097.0407210673445,49
-32.902329140733194,1096.4909858240585,49
-33.06589971816587,1095.938524407277,49
-33.229469958463696,1095.3833368226335,49
-33.3930398599175,1094.8254230757893,49
-33.5566094208176,1094.264783172435,49
-33.720178639453756,1093.7014171182889,49
-33.883747514115186,1093.1353249190981,49
-34.047316043090554,1092.5665065806386,49
-34.21088422466797,1091.9949621087142,49
-34.37445205713501,1091.420691509158,49
-34.53801953877867,1090.8436947878313,49
-34.7015866678854,1090.263971950624,49
-34.86515344274109,1089.6815230034545,49
-35.028719861631046,1089.09634795227,49
-35.19228592284003,1088.508446803046,49
-35.35585162465222,1087.9178195617867,49
-35.51941696535122,1087.324466234525,49
-35.682981943220064,1086.7283868273225,49
-35.846546556541206,1086.129581346269,49
-36.01011080359652,1085.5280497974836,49
-36.17367468266729,1084.9237921871136,49
-36.33723819203423,1084.316808521335,49
-36.50080132997744,1083.7070988063526,49
-36.664364094776445,1083.0946630483995,49
-36.827926484710176,1082.4795012537381,49
-36.99148849805695,1081.8616134286592,49
-37.15505013309451,1081.2409995794824,49
-37.318611388099974,1080.6176597125557,49
-37.48217226134986,1079.991593834256,49
-37.645732751120086,1079.3628019509893,49
-37.809292855685946,1078.7312840691898,49
-37.97285257332213,1078.0970401953207,49
-38.136411902302704,1077.460070335874,49
-38.299970840901125,1076.8203744973705,49
-38.463529387390224,1076.17795268636,49
-38.6270875400422,1075.5328049094203,49
-38.79064529712863,1074.8849311731592,49
-38.954202656920465,1074.2343314842124,49
-39.11775961768802,1073.5810058492443,49
-39.28131617770097,1072.9249542749492,49
-39.44487233522836,1072.2661767680493,49
-39.60842808853859,1071.604673335296,49
-39.77198343589941,1070.9404439834695,50
-39.93553837557793,1070.2734887193792,50
-40.099092905840614,1069.603807549863,50
-40.26264702495327,1068.9314004817877,50
-40.42620073118105,1068.2562675220495,50
-40.58975402278845,1067.578408677573,50
-40.753306898039305,1066.8978239553119,50
-40.9168593551968,1066.214513362249,50
-41.08041139252343,1065.5284769053958,50
-41.243963008281035,1064.8397145917932,50
-41.407514200730795,1064.1482264285105,50
-41.57106496813319,1063.4540124226467,50
-41.734615308748054,1062.757072581329,50
-41.898165220834514,1062.0574069117145,50
-42.06171470265103,1061.3550154209886,50
-42.225263752455376,1060.6498981163659,50
-42.38881236850464,1059.9420550050904,50
-42.55236054905521,1059.231486094435,50
-42.71590829236279,1058.5181913917015,50
-42.879455596682384,1057.802170904221,50
-43.043002460268305,1057.0834246393533,50
-43.206548881374154,1056.361952604488,50
-43.37009485825284,1055.637754807043,50
-43.53364038915656,1054.910831254466,50
-43.69718547233679,1054.181181954234,50
-43.860730106044315,1053.4488069138524,50
-44.02427428852919,1052.7137061408562,50
-44.187818018040765,1051.9758796428096,50
-44.351361292827654,1051.235327427306,50
-44.51490411113775,1050.4920495019678,50
-44.678446471218244,1049.7460458744467,50
-44.841988371315566,1048.997316552424,50
-45.00552980967543,1048.2458615436099,50
-45.16907078454281,1047.4916808557437,50
-45.33261129416196,1046.7347744965941,50
-45.49615133677637,1045.9751424739593,50
-45.65969091062881,1045.2127847956667,50
-45.823230013961286,1044.4477014695728,50
-45.98676864501507,1043.679892503564,50
-46.15030680203068,1042.9093579055548,50
-46.31384448324787,1042.1360976834903,50
-46.47738168690565,1041.3601118453448,50
-46.640918411242275,1040.581400399121,50
-46.804454654495224,1039.7999633528523,50
-46.967990414901216,1039.0158007146006,50
-47.13152569069621,1038.2289124924573,50
-47.29506048011538,1037.4392986945436,50
-47.45859478139315,1036.6469593290096,50
-47.622128592763154,1035.8518944040356,50
-47.785661912458245,1035.0541039278305,50
-47.949194738710496,1034.2535879086333,50
-48.11272706975121,1033.450346354712,50
-48.276258903810884,1032.6443792743648,50
-48.43979023911923,1031.8356866759186,50
-48.60332107390519,1031.0242685677304,50
-48.76685140639688,1030.2101249581863,50
-48.93038123482164,1029.3932558557024,50
-49.09391055740599,1028.5736612687242,50
-49.25743937237567,1027.7513412057265,50
-49.420967677955595,1026.926295675214,50
-49.58449547236988,1026.0985246857213,51
-49.74802275384183,1025.2680282458116,51
-49.91154952059393,1024.434806364079,51
-50.07507577084785,1023.598859049146,51
-50.238601502824444,1022.7601863096658,51
-50.40212671474374,1021.9187881543207,51
-50.56565140482493,1021.074664591823,51
-50.729175571286405,1020.2278156309144,51
-50.8926992123457,1019.3782412803664,51
-51.05622232621952,1018.5259415489804,51
-51.21974491112374,1017.6709164455875,51
-51.3832669652734,1016.8131659790483,51
-51.54678848688269,1015.9526901582536,51
-51.71030947416495,1015.0894889921235,51
-51.873829925332686,1014.2235624896083,51
-52.03734983859754,1013.3549106596878,51
-52.20086921217031,1012.4835335113718,51
-52.364388044260934,1011.6094310537,51
-52.5279063330785,1010.7326032957419,51
-52.69142407683121,1009.8530502465967,51
-52.85494127372643,1008.9707719153937,51
-53.018457921970644,1008.0857683112921,51
-53.18197401976947,1007.198039443481,51
-53.34548956532765,1006.3075853211792,51
-53.50900455684904,1005.4144059536357,51
-53.67251899253665,1004.5185013501293,51
-53.83603287059258,1003.619871519969,51
-53.99954618921805,1002.7185164724935,51
-54.163058946613404,1001.8144362170717,51
-54.32657114097808,1000.9076307631024,51
-54.49008277051064,999.9981001200143,51
-54.65359383340874,999.0858442972667,51
-54.817104327869146,998.1708633043484,51
-54.98061425208772,997.2531571507784,51
-55.14412360425941,996.332725846106,51
-55.30763238257828,995.4095693999104,51
-55.47114058523746,994.483687821801,51
-55.634648210429184,993.5550811214173,51
-55.798155256344764,992.6237493084288,51
-55.9616617211746,991.6896923925357,51
-56.12516760310817,990.7529103834678,51
-56.288672900334014,989.8134032909853,51
-56.45217761103977,988.8711711248787,51
-56.61568173341213,987.9262138949688,51
-56.77918526563686,986.9785316111063,51
-56.9426882058988,986.0281242831725,51
-57.106190552381825,985.0749919210788,51
-57.269692303268904,984.1191345347669,51
-57.43319345674204,983.160552134209,51
-57.5966940109823,982.1992447294073,51
-57.760193964169794,981.2352123303946,51
-57.92369331448369,980.268454947234,51
-58.087192060102204,979.2989725900187,51
-58.25069019920257,978.3267652688729,51
-58.4141877299611,977.3518329939507,51
-58.57768465055311,976.3741757754365,51
-58.74118095915296,975.3937936235457,51
-58.904676653934054,974.4106865485236,51
-59.06817173306881,973.4248545606463,51
-59.231666194728675,972.4362976702204,51
-59.395160037084125,971.4450158875826,52
-59.55865325830465,970.4510092231006,52
-59.72214585655877,969.4542776871725,52
-59.88563783001399,968.4548212902268,52
-60.04912917683686,967.4526400427227,52
-60.212619895192915,966.4477339551498,52
-60.376109983246714,965.4401030380286,52
-60.5395994391618,964.42974730191,52
-60.703088261100724,963.4166667573755,52
-60.86657644722505,962.4008614150374,52
-61.030063995695315,961.3823312855386,52
-61.193550904671056,960.3610763795526,52
-61.3570371723108,959.3370967077838,52
-61.52052279677205,958.310392280967,52
-61.68400777621131,957.2809631098681,52
-61.84749210878405,956.2488092052837,52
-62.01097579264473,955.2139305780407,52
-62.174458825946765,954.1763272389974,52
-62.337941206842565,953.1359991990425,52
-62.50142293348349,952.0929464690959,52
-62.664904004019874,951.0471690601078,52
-62.82838441660102,949.9986669830596,52
-62.99186416937517,948.9474402489636,52
-63.15534326048955,947.8934888688628,52
-63.31882168809033,946.8368128538314,52
-63.48229945032262,945.7774122149741,52
-63.6457765453305,944.7152869634268,52
-63.80925297125698,943.6504371103565,52
-63.97272872624402,942.5828626669609,52
-64.13620380843251,941.5125636444687,52
-64.2996782159623,940.4395400541399,52
-64.46315194697215,939.3637919072653,52
-64.62662499959977,938.2853192151667,52
-64.79009737198179,937.2041219891972,52
-64.95356906225375,936.1202002407407,52
-65.11704006855014,935.0335539812123,52
-65.28051038900436,933.9441832220584,52
-65.44398002174874,932.8520879747565,52
-65.6074489649145,931.7572682508148,52
-65.77091721663177,930.6597240617733,52
-65.93438477502961,929.5594554192029,52
-66.097851638236,928.4564623347056,52
-66.26131780437777,927.3507448199148,52
-66.42478327158068,926.242302886495,52
-66.58824803796941,925.1311365461423,52
-66.7517121016675,924.0172458105837,52
-66.91517546079737,922.9006306915777,52
-67.07863811348038,921.7812912009141,52
-67.24210005783674,920.6592273504139,52
-67.40556129198553,919.5344391519295,52
-67.56902181404476,918.406926617345,52
-67.73248162213126,917.2766897585755,52
-67.89594071436078,916.1437285875676,52
-68.0593990888479,915.0080431162994,52
-68.22285674370609,913.8696333567805,52
-68.3863136770477,912.7284993210519,52
-68.54976988698391,911.584641021186,52
-68.71322537162479,910.438058469287,52
-68.87668012907923,909.2887516774902,52
-69.04013415745503,908.1367206579628,52
-69.20358745485878,906.9819654229035,52
-69.36704001939594,905.8244859845423,52
-69.53049184917084,904.6642823551414,52
-69.69394294228663,903.501354546994,52
-69.85739329684527,902.3357025724252,52
-70.02084291094762,901.167326443792,53
-70.18429178269332,899.9962261734826,53
-70.34773991018086,898.8224017739172,53
-70.51118729150757,897.6458532575477,53
-70.67463392476958,896.4665806368578,53
-70.83807980806186,895.2845839243627,53
-71.0015249394782,894.0998631326096,53
-71.16496931711119,892.9124182741775,53
-71.32841293905223,891.7222493616772,53
-71.49185580339156,890.5293564077512,53
-71.65529790821819,889.3337394250739,53
-71.81873925161996,888.1353984263518,53
-71.98217983168351,886.9343334243232,53
-72.14561964649427,885.7305444317582,53
-72.30905869413645,884.5240314614589,53
-72.47249697269308,883.3147945262593,53
-72.63593448024596,882.1028336390257,53
-72.7993712148757,880.8881488126558,53
-72.96280717466168,879.67074006008,53
-73.12624235768203,878.4506073942601,53
-73.28967676201371,877.2277508281906,53
-73.45311038573243,876.0021703748973,53
-73.61654322691267,874.773866047439,53
-73.77997528362768,873.542837858906,53
-73.94340655394949,872.3090858224208,53
-74.10683703594886,871.0726099511384,53
-74.27026672769534,869.8334102582456,53
-74.43369562725724,868.5914867569616,53
-74.59712373270159,867.3468394605378,53
-74.7605510420942,866.099468382258,53
-74.92397755349964,864.849373535438,53
-75.08740326498118,863.5965549334259,53
-75.25082817460087,862.3410125896023,53
-75.41425228041949,861.0827465173802,53
-75.57767558049655,859.8217567302046,53
-75.7410980728903,858.5580432415532,53
-75.90451975565772,857.2916060649358,53
-76.06794062685451,856.0224452138949,53
-76.2313606845351,854.7505607020053,53
-76.39477992675266,853.4759525428742,53
-76.55819835155906,852.1986207501415,53
-76.72161595700486,850.9185653374793,53
-76.88503274113938,849.6357863185926,53
-77.04844870201063,848.3502837072186,53
-77.21186383766532,847.0620575171272,53
-77.37527814614886,845.7711077621207,53
-77.53869162550538,844.4774344560342,53
-77.70210427377769,843.1810376127356,53
-77.86551608900731,841.8819172461252,53
-78.02892706923446,840.5800733701361,53
-78.192337212498,839.275505998734,53
-78.35574651683554,837.9682151459174,53
-78.51915498028333,836.6582008257172,53
-78.68256260087631,835.3454630521976,53
-78.8459693766481,834.0300018394553,53
-79.009375305631,832.71181720162,53
-79.17278038585597,831.3909091528537,53
-79.33618461535265,830.067277707352,53
-79.49958799214933,828.7409228793429,53
-79.66299051427296,827.4118446830872,53
-79.82639217974918,826.080043132879,53
-79.98979298660224,824.7455182430452,54
-80.15319293285509,823.4082700279455,54
-80.3165920165293,822.0682985019727,54
-80.47999023564509,820.7256036795526,54
-80.64338758822133,819.3801855751441,54
-80.80678407227553,818.032044203239,54
-80.97017968582384,816.6811795783624,54
-81.13357442688104,815.3275917150722,54
-81.29696829346055,813.9712806279597,54
-81.46036128357441,812.6122463316492,54
-81.6237533952333,811.2504888407981,54
-81.78714462644649,809.8860081700973,54
-81.95053497522191,808.5188043342705,54
-82.11392443956609,807.1488773480748,54
-82.27731301748416,805.7762272263008,54
-82.44070070697988,804.400853983772,54
-82.60408750605562,803.0227576353454,54
-82.76747341271235,801.6419381959115,54
-82.93085842494963,800.2583956803936,54
-83.09424254076563,798.8721301037491,54
-83.25762575815712,797.4831414809682,54
-83.42100807511945,796.0914298270749,54
-83.58438948964655,794.6969951571264,54
-83.74776999973099,793.2998374862135,54
-83.91114960336387,791.8999568294605,54
-84.07452829853487,790.4973532020251,54
-84.23790608323229,789.0920266190988,54
-84.40128295544298,787.6839770959064,54
-84.56465891315234,786.2732046477062,54
-84.72803395434438,784.8597092897905,54
-84.89140807700166,783.443491037485,54
-85.05478127910527,782.0245499061491,54
-85.21815355863491,780.6028859111758,54
-85.38152491356881,779.1784990679919,54
-85.54489534188374,777.7513893920578,54
-85.70826484155506,776.3215568988679,54
-85.87163341055665,774.8890016039503,54
-86.03500104686093,773.4537235228668,54
-86.19836774843887,772.015722671213,54
-86.36173351325998,770.5749990646185,54
-86.52509833929231,769.1315527187467,54
-86.68846222450243,767.6853836492949,54
-86.85182516685543,766.2364918719943,54
-87.01518716431497,764.7848774026102,54
-87.17854821484318,763.3305402569417,54
-87.34190831640073,761.8734804508222,54
-87.50526746694682,760.4136980001184,54
-87.66862566443915,758.951192920732,54
-87.83198290683391,757.485965228598,54
-87.99533919208585,756.0180149396862,54
-88.15869451814818,754.5473420699999,54
-88.32204888297264,753.0739466355769,54
-88.48540228450943,751.5978286524889,54
-88.64875472070729,750.1189881368422,54
-88.81210618951341,748.6374251047769,54
-88.9754566888735,747.1531395724676,54
-89.13880621673177,745.6661315561232,54
-89.30215477103084,744.1764010719869,54
-89.4655023497119,742.683948136336,54
-89.62884895071456,741.1887727654824,54
-89.7921945719769,739.6908749757723,55
-89.95553921143554,738.1902547835862,55
-90.11888286702546,736.6869122053392,55
-90.2822255366802,735.1808472574809,55
-90.4455672183317,733.6720599564949,55
-90.60890790991039,732.1605503188998,55
-90.77224760934513,730.6463183612487,55
-90.93558631456327,729.1293641001292,55
-91.09892402349057,727.6096875521633,55
-91.26226073405125,726.0872887340079,55
-91.42559644416798,724.5621676623541,55
-91.58893115176186,723.0343243539281,55
-91.75226485475243,721.5037588254906,55
-91.91559755105766,719.9704710938372,55
-92.07892923859396,718.4344611757978,55
-92.24225991527615,716.8957290882375,55
-92.4055895790175,715.3542748480561,55
-92.56891822772968,713.810098472188,55
-92.73224585932277,712.2631999776027,55
-92.8955724717053,710.7135793813044,55
-93.05889806278415,709.1612367003323,55
-93.22222263046469,707.6061719517605,55
-93.38554617265062,706.0483851526982,55
-93.5488686872441,704.4878763202892,55
-93.71219017214564,702.9246454717126,55
-93.87551062525418,701.3586926241825,55
-94.03883004446703,699.790017794948,55
-94.20214842767992,698.2186210012933,55
-94.36546577278693,696.6445022605376,55
-94.52878207768055,695.0676615900355,55
-94.69209734025164,693.4880990071766,55
-94.85541155838943,691.9058145293857,55
-95.01872472998154,690.3208081741227,55
-95.18203685291395,688.7330799588831,55
-95.34534792507101,687.1426299011973,55
-95.50865794433544,685.5494580186312,55
-95.6719669085883,683.953564328786,55
-95.83527481570904,682.3549488492981,55
-95.99858166357544,680.7536115978396,55
-96.16188745006365,679.1495525921177,55
-96.32519217304814,677.5427718498754,55
-96.48849583040176,675.9332693888907,55
-96.65179841999569,674.3210452269775,55
-96.81509993969942,672.706099381985,55
-96.97840038738083,671.088431871798,55
-97.1416997609061,669.4680427143368,55
-97.30499805813974,667.8449319275575,55
-97.4682952769446,666.2190995294517,55
-97.63159141518183,664.5905455380466,55
-97.79488647071092,662.9592699714054,55
-97.95818044138967,661.3252728476266,55
-98.1214733250742,659.6885541848446,55
-98.28476511961894,658.0491140012298,55
-98.44805582287661,656.4069523149881,55
-98.61134543269826,654.7620691443612,55
-98.77463394693322,653.1144645076271,55
-98.93792136342914,651.4641384230991,55
-99.10120768003193,649.811090909127,55
-99.26449289458583,648.155321984096,55
-99.42777700493335,646.4968316664275,55
-99.59106000891528,644.8356199745791,55
-99.7543419043707,643.1716869270441,56
-99.91762268913698,641.5050325423522,56
-100.08090236104974,639.8356568390687,56
-100.24418091794288,638.1635598357956,56
-100.4074583576486,636.4887415511705,56
-100.57073467799731,634.8112020038676,56
-100.73400987681772,633.1309412125971,56
-100.89728395193681,631.4479591961054,56
-101.0605569011798,629.7622559731755,56
-101.22382872237013,628.0738315626261,56
-101.38709941332955,626.3826859833126,56
-101.55036897187803,624.6888192541268,56
-101.71363739583377,622.9922313939966,56
-101.87690468301322,621.2929224218865,56
-102.04017083123108,619.5908923567974,56
-102.20343583830027,617.8861412177669,56
-102.36669970203194,616.1786690238686,56
-102.52996242023548,614.468475794213,56
-102.6932239907185,612.755561547947,56
-102.85648441128681,611.0399263042541,56
-103.01974367974448,609.3215700823546,56
-103.18300179389374,607.6004929015052,56
-103.34625875153507,605.8766947809993,56
-103.50951455046716,604.1501757401671,56
-103.67276918848688,602.4209357983756,56
-103.83602266338933,600.6889749750283,56
-103.99927497296777,598.9542932895656,56
-104.16252611501369,597.2168907614649,56
-104.32577608731677,595.4767674102404,56
-104.48902488766485,593.7339232554431,56
-104.65227251384398,591.9883583166609,56
-104.8155189636384,590.2400726135186,56
-104.97876423483049,588.4890661656781,56
-105.14200832520085,586.7353389928383,56
-105.30525123252822,584.978891114735,56
-105.46849295458952,583.2197225511413,56
-105.63173348915984,581.4578333218672,56
-105.79497283401244,579.6932234467599,56
-105.95821098691871,577.9258929457037,56
-106.12144794564824,576.1558418386202,56
-106.28468370796874,574.3830701454681,56
-106.44791827164606,572.6075778862432,56
-106.61115163444423,570.8293650809792,56
-106.7743837941254,569.0484317497464,56
